<?xml version = '1.0' encoding = 'UTF-8'?>
<Relation class="oracle.dbtools.crest.model.design.logical.Relation" name="med_proc" directorySegmentName="seg_0" id="00B9CD28-06E6-81B8-2D05-91C5C437E20A">
<createdBy>Rodrigo</createdBy>
<createdTime>2015-09-30 23:56:28 UTC</createdTime>
<generatorID>Gerado pelo usuário</generatorID>
<ownerDesignName>modelo_final_dead_lock_lock_clin</ownerDesignName>
<engineerTo>
<item key="2D5BF5D2-EF61-D0AA-11B3-3BB16A417795" value="true"/>
</engineerTo>
<sourcePk>EC45A138-2F8B-12B0-BE60-207625A9BA9F</sourcePk>
<identifying>false</identifying>
<nameOnSource>faz</nameOnSource>
<nameOnTarget>é</nameOnTarget>
<optionalSource>false</optionalSource>
<optionalTarget>true</optionalTarget>
<sourceCardinality>1</sourceCardinality>
<sourceEntity>9E52D45C-6FFB-02C2-6320-3A9B16D83CB9</sourceEntity>
<targetCardinalityString>*</targetCardinalityString>
<targetEntity>44E67A0F-E61B-3B6E-A393-3E7FE31A2CBA</targetEntity>
<transferable>true</transferable>
<deleteRule>NO ACTION</deleteRule>
</Relation>