<?xml version = '1.0' encoding = 'UTF-8'?>
<Relation class="oracle.dbtools.crest.model.design.logical.Relation" name="pac_med" directorySegmentName="seg_0" id="0179090D-F24F-1259-5DD3-EF75E4448D90">
<createdBy>Rodrigo</createdBy>
<createdTime>2015-09-30 22:25:27 UTC</createdTime>
<generatorID>Gerado pelo usuário</generatorID>
<ownerDesignName>modelo_final_dead_lock_lock_clin</ownerDesignName>
<shouldEngineer>false</shouldEngineer>
<engineerTo>
<item key="2D5BF5D2-EF61-D0AA-11B3-3BB16A417795" value="false"/>
</engineerTo>
<sourcePk>EC45A138-2F8B-12B0-BE60-207625A9BA9F</sourcePk>
<identifying>false</identifying>
<nameOnSource>tem</nameOnSource>
<nameOnTarget>tem</nameOnTarget>
<optionalSource>false</optionalSource>
<optionalTarget>false</optionalTarget>
<sourceCardinality>1</sourceCardinality>
<sourceEntity>9E52D45C-6FFB-02C2-6320-3A9B16D83CB9</sourceEntity>
<targetCardinalityString>*</targetCardinalityString>
<targetEntity>0D6821F4-7D01-3A3D-A741-8D156EF498FD</targetEntity>
<transferable>true</transferable>
<deleteRule>NO ACTION</deleteRule>
</Relation>