<?xml version = '1.0' encoding = 'UTF-8'?>
<Relation class="oracle.dbtools.crest.model.design.logical.Relation" name="plan_con_pre" directorySegmentName="seg_0" id="0DF37324-5EE4-720C-3081-439ABFFC4B69">
<createdBy>Rodrigo</createdBy>
<createdTime>2015-10-01 00:14:37 UTC</createdTime>
<generatorID>Gerado pelo usuário</generatorID>
<ownerDesignName>modelo_final_dead_lock_lock_clin</ownerDesignName>
<engineerTo>
<item key="2D5BF5D2-EF61-D0AA-11B3-3BB16A417795" value="true"/>
</engineerTo>
<sourcePk>0FB64E2B-284D-6108-8F23-BA624DF2F90B</sourcePk>
<targetPk>8C5ACB6C-9B1E-3E40-FC1B-2F8042142DBE</targetPk>
<identifying>false</identifying>
<nameOnSource>contem</nameOnSource>
<nameOnTarget>pertence</nameOnTarget>
<optionalSource>false</optionalSource>
<optionalTarget>false</optionalTarget>
<sourceCardinality>1</sourceCardinality>
<sourceEntity>8ABD6F52-777D-4BA6-0E7C-2FF7BA72D3D5</sourceEntity>
<targetCardinalityString>1</targetCardinalityString>
<targetEntity>7286889F-B930-5B88-079C-37C2FF56D6AC</targetEntity>
<transferable>true</transferable>
<deleteRule>NO ACTION</deleteRule>
</Relation>