<?xml version = '1.0' encoding = 'UTF-8'?>
<Relation class="oracle.dbtools.crest.model.design.logical.Relation" name="pess_medi" directorySegmentName="seg_0" id="306D28C3-30BC-6F86-78F4-F4295B5CA8E4">
<createdBy>Rodrigo</createdBy>
<createdTime>2015-09-30 22:35:17 UTC</createdTime>
<generatorID>Gerado pelo usuário</generatorID>
<ownerDesignName>modelo_final_dead_lock_lock_clin</ownerDesignName>
<engineerTo>
<item key="2D5BF5D2-EF61-D0AA-11B3-3BB16A417795" value="true"/>
</engineerTo>
<sourcePk>31C7E0D2-7172-9CFA-5CE3-1267DB340D35</sourcePk>
<targetPk>EC45A138-2F8B-12B0-BE60-207625A9BA9F</targetPk>
<identifying>false</identifying>
<nameOnSource>é</nameOnSource>
<nameOnTarget>é</nameOnTarget>
<optionalSource>true</optionalSource>
<optionalTarget>false</optionalTarget>
<sourceCardinality>1</sourceCardinality>
<sourceEntity>F73B21E4-E66D-65B9-BD22-2DECCE2669C8</sourceEntity>
<targetCardinalityString>1</targetCardinalityString>
<targetEntity>9E52D45C-6FFB-02C2-6320-3A9B16D83CB9</targetEntity>
<transferable>true</transferable>
<deleteRule>NO ACTION</deleteRule>
</Relation>