<?xml version = '1.0' encoding = 'UTF-8'?>
<Relation class="oracle.dbtools.crest.model.design.logical.Relation" name="ori_pac" directorySegmentName="seg_0" id="36B9315C-F7D2-5326-ECD5-B3D958AD2280">
<createdBy>Rodrigo</createdBy>
<createdTime>2015-10-02 21:24:40 UTC</createdTime>
<generatorID>Gerado pelo usuário</generatorID>
<ownerDesignName>modelo_final_dead_lock_lock_clin</ownerDesignName>
<engineerTo>
<item key="2D5BF5D2-EF61-D0AA-11B3-3BB16A417795" value="true"/>
</engineerTo>
<sourcePk>5E8391AA-DB45-761C-D5CE-0BE7E3056530</sourcePk>
<targetPk>00FF780C-27B1-8555-FFDC-863333A37D90</targetPk>
<identifying>false</identifying>
<nameOnSource>pertence</nameOnSource>
<nameOnTarget>tem uma</nameOnTarget>
<optionalSource>false</optionalSource>
<optionalTarget>false</optionalTarget>
<sourceCardinality>1</sourceCardinality>
<sourceEntity>7EFF480F-0D79-5C13-829A-BC2409A379F4</sourceEntity>
<targetCardinalityString>1</targetCardinalityString>
<targetEntity>0D6821F4-7D01-3A3D-A741-8D156EF498FD</targetEntity>
<transferable>true</transferable>
<deleteRule>NO ACTION</deleteRule>
</Relation>