<?xml version = '1.0' encoding = 'UTF-8'?>
<Relation class="oracle.dbtools.crest.model.design.logical.Relation" name="conv_pre_ite" directorySegmentName="seg_0" id="4002EB6B-CC1B-74F6-0E6C-BC57F73C4205">
<createdBy>Rodrigo</createdBy>
<createdTime>2015-10-01 00:18:05 UTC</createdTime>
<generatorID>Gerado pelo usuário</generatorID>
<ownerDesignName>modelo_final_dead_lock_lock_clin</ownerDesignName>
<engineerTo>
<item key="2D5BF5D2-EF61-D0AA-11B3-3BB16A417795" value="true"/>
</engineerTo>
<sourcePk>8C5ACB6C-9B1E-3E40-FC1B-2F8042142DBE</sourcePk>
<identifying>false</identifying>
<nameOnSource>contem</nameOnSource>
<nameOnTarget>pertence</nameOnTarget>
<optionalSource>false</optionalSource>
<optionalTarget>false</optionalTarget>
<sourceCardinality>1</sourceCardinality>
<sourceEntity>7286889F-B930-5B88-079C-37C2FF56D6AC</sourceEntity>
<targetCardinalityString>*</targetCardinalityString>
<targetEntity>FA2550DD-EFAC-CA73-FB0B-76DC7EAC4CF3</targetEntity>
<transferable>true</transferable>
<deleteRule>NO ACTION</deleteRule>
</Relation>