<?xml version = '1.0' encoding = 'UTF-8'?>
<Relation class="oracle.dbtools.crest.model.design.logical.Relation" name="proc_aten" directorySegmentName="seg_0" id="40158141-32C5-F997-95B4-B90694AEE2CE">
<createdBy>Rodrigo</createdBy>
<createdTime>2015-09-30 23:25:51 UTC</createdTime>
<generatorID>Gerado pelo usuário</generatorID>
<ownerDesignName>modelo_final_dead_lock_lock_clin</ownerDesignName>
<engineerTo>
<item key="2D5BF5D2-EF61-D0AA-11B3-3BB16A417795" value="true"/>
</engineerTo>
<sourcePk>48D4817D-0ED7-159F-8454-DAD4C78663A1</sourcePk>
<identifying>false</identifying>
<nameOnSource>pertence</nameOnSource>
<nameOnTarget>contem</nameOnTarget>
<optionalSource>true</optionalSource>
<optionalTarget>false</optionalTarget>
<sourceCardinality>1</sourceCardinality>
<sourceEntity>44E67A0F-E61B-3B6E-A393-3E7FE31A2CBA</sourceEntity>
<targetCardinalityString>1</targetCardinalityString>
<targetEntity>849413F9-F8FD-08A9-66ED-0D064CEEBD18</targetEntity>
<transferable>true</transferable>
<deleteRule>NO ACTION</deleteRule>
</Relation>