<?xml version = '1.0' encoding = 'UTF-8'?>
<Relation class="oracle.dbtools.crest.model.design.logical.Relation" name="pac_aten" directorySegmentName="seg_0" id="4165BF61-FDAD-571D-958A-0845EF629F60">
<createdBy>Rodrigo</createdBy>
<createdTime>2015-09-30 23:57:26 UTC</createdTime>
<generatorID>Gerado pelo usuário</generatorID>
<ownerDesignName>modelo_final_dead_lock_lock_clin</ownerDesignName>
<engineerTo>
<item key="2D5BF5D2-EF61-D0AA-11B3-3BB16A417795" value="true"/>
</engineerTo>
<sourcePk>00FF780C-27B1-8555-FFDC-863333A37D90</sourcePk>
<identifying>false</identifying>
<nameOnSource>está presente em</nameOnSource>
<nameOnTarget>pertence</nameOnTarget>
<optionalSource>false</optionalSource>
<optionalTarget>true</optionalTarget>
<sourceCardinality>1</sourceCardinality>
<sourceEntity>0D6821F4-7D01-3A3D-A741-8D156EF498FD</sourceEntity>
<targetCardinalityString>*</targetCardinalityString>
<targetEntity>849413F9-F8FD-08A9-66ED-0D064CEEBD18</targetEntity>
<transferable>true</transferable>
<deleteRule>NO ACTION</deleteRule>
</Relation>