<?xml version = '1.0' encoding = 'UTF-8'?>
<Relation class="oracle.dbtools.crest.model.design.logical.Relation" name="fk_cidade_estado" directorySegmentName="seg_0" id="5864651E-5035-92D3-E6BE-AF8B47248815">
<createdBy>Rodrigo</createdBy>
<createdTime>2015-09-30 22:38:17 UTC</createdTime>
<generatorID>Gerado pelo usuário</generatorID>
<ownerDesignName>modelo_final_dead_lock_lock_clin</ownerDesignName>
<engineerTo>
<item key="2D5BF5D2-EF61-D0AA-11B3-3BB16A417795" value="true"/>
</engineerTo>
<sourcePk>10267B3D-3524-9A63-E7C3-2C56EA176D9B</sourcePk>
<identifying>false</identifying>
<optionalSource>true</optionalSource>
<optionalTarget>false</optionalTarget>
<sourceCardinality>1</sourceCardinality>
<sourceEntity>B61FA335-86D9-2469-FF8E-E636907A19C8</sourceEntity>
<targetCardinalityString>*</targetCardinalityString>
<targetEntity>1D479C49-72B7-29CD-AFCA-8DFFFFE09106</targetEntity>
<transferable>true</transferable>
<deleteRule>NO ACTION</deleteRule>
</Relation>