<?xml version = '1.0' encoding = 'UTF-8'?>
<Relation class="oracle.dbtools.crest.model.design.logical.Relation" name="pac_agen" directorySegmentName="seg_0" id="68234D52-C1ED-C086-5DB4-C904198415D6">
<createdBy>Rodrigo</createdBy>
<createdTime>2015-09-30 23:17:42 UTC</createdTime>
<generatorID>Gerado pelo usuário</generatorID>
<ownerDesignName>modelo_final_dead_lock_lock_clin</ownerDesignName>
<engineerTo>
<item key="2D5BF5D2-EF61-D0AA-11B3-3BB16A417795" value="true"/>
</engineerTo>
<sourcePk>00FF780C-27B1-8555-FFDC-863333A37D90</sourcePk>
<identifying>false</identifying>
<nameOnSource>tem</nameOnSource>
<nameOnTarget>pertence</nameOnTarget>
<optionalSource>false</optionalSource>
<optionalTarget>false</optionalTarget>
<sourceCardinality>*</sourceCardinality>
<sourceEntity>0D6821F4-7D01-3A3D-A741-8D156EF498FD</sourceEntity>
<targetCardinalityString>*</targetCardinalityString>
<targetEntity>C7C3BEB5-99A3-2B63-45F3-27FD05C17936</targetEntity>
<transferable>true</transferable>
<deleteRule>NO ACTION</deleteRule>
</Relation>