<?xml version = '1.0' encoding = 'UTF-8'?>
<Relation class="oracle.dbtools.crest.model.design.logical.Relation" name="med_pres" directorySegmentName="seg_0" id="7588783C-CEE3-FA8A-44CA-8138B4F68C3B">
<createdBy>Rodrigo</createdBy>
<createdTime>2015-10-02 20:39:33 UTC</createdTime>
<generatorID>Gerado pelo usuário</generatorID>
<ownerDesignName>modelo_final_dead_lock_lock_clin</ownerDesignName>
<engineerTo>
<item key="2D5BF5D2-EF61-D0AA-11B3-3BB16A417795" value="true"/>
</engineerTo>
<sourcePk>EC45A138-2F8B-12B0-BE60-207625A9BA9F</sourcePk>
<targetPk>45CBBCF1-BB6C-6848-8779-E7EE047651A4</targetPk>
<identifying>false</identifying>
<nameOnSource>é</nameOnSource>
<nameOnTarget>é</nameOnTarget>
<optionalSource>false</optionalSource>
<optionalTarget>false</optionalTarget>
<sourceCardinality>1</sourceCardinality>
<sourceEntity>9E52D45C-6FFB-02C2-6320-3A9B16D83CB9</sourceEntity>
<targetCardinalityString>1</targetCardinalityString>
<targetEntity>A68F7510-E75A-E04E-175F-980A50738FD5</targetEntity>
<transferable>true</transferable>
<deleteRule>NO ACTION</deleteRule>
</Relation>