<?xml version = '1.0' encoding = 'UTF-8'?>
<Relation class="oracle.dbtools.crest.model.design.logical.Relation" name="proc_item_conv" directorySegmentName="seg_0" id="779F8795-F884-8BEC-787D-7C646F06DB7E">
<createdBy>Rodrigo</createdBy>
<createdTime>2015-10-01 00:18:42 UTC</createdTime>
<generatorID>Gerado pelo usuário</generatorID>
<ownerDesignName>modelo_final_dead_lock_lock_clin</ownerDesignName>
<engineerTo>
<item key="2D5BF5D2-EF61-D0AA-11B3-3BB16A417795" value="true"/>
</engineerTo>
<sourcePk>48D4817D-0ED7-159F-8454-DAD4C78663A1</sourcePk>
<identifying>false</identifying>
<nameOnSource>contem</nameOnSource>
<nameOnTarget>pertence</nameOnTarget>
<optionalSource>false</optionalSource>
<optionalTarget>true</optionalTarget>
<sourceCardinality>1</sourceCardinality>
<sourceEntity>44E67A0F-E61B-3B6E-A393-3E7FE31A2CBA</sourceEntity>
<targetCardinalityString>*</targetCardinalityString>
<targetEntity>FA2550DD-EFAC-CA73-FB0B-76DC7EAC4CF3</targetEntity>
<transferable>true</transferable>
<deleteRule>NO ACTION</deleteRule>
</Relation>