<?xml version = '1.0' encoding = 'UTF-8'?>
<Relation class="oracle.dbtools.crest.model.design.logical.Relation" name="pess_ende" directorySegmentName="seg_0" id="7911B719-0CA2-40B0-A282-0D5322934424">
<createdBy>Rodrigo</createdBy>
<createdTime>2015-09-30 22:44:03 UTC</createdTime>
<generatorID>Gerado pelo usuário</generatorID>
<ownerDesignName>modelo_final_dead_lock_lock_clin</ownerDesignName>
<engineerTo>
<item key="2D5BF5D2-EF61-D0AA-11B3-3BB16A417795" value="true"/>
</engineerTo>
<sourcePk>31C7E0D2-7172-9CFA-5CE3-1267DB340D35</sourcePk>
<identifying>false</identifying>
<nameOnSource>tem</nameOnSource>
<nameOnTarget>pertence</nameOnTarget>
<optionalSource>false</optionalSource>
<optionalTarget>false</optionalTarget>
<sourceCardinality>1</sourceCardinality>
<sourceEntity>F73B21E4-E66D-65B9-BD22-2DECCE2669C8</sourceEntity>
<targetCardinalityString>*</targetCardinalityString>
<targetEntity>1E3FA8C0-3235-288B-638D-31400B7F35B2</targetEntity>
<transferable>true</transferable>
<deleteRule>NO ACTION</deleteRule>
</Relation>