<?xml version = '1.0' encoding = 'UTF-8'?>
<Relation class="oracle.dbtools.crest.model.design.logical.Relation" name="aten_agend" directorySegmentName="seg_0" id="8538143F-8128-232F-48A7-7436E5747358">
<createdBy>Rodrigo</createdBy>
<createdTime>2015-09-30 23:58:49 UTC</createdTime>
<generatorID>Gerado pelo usuário</generatorID>
<ownerDesignName>modelo_final_dead_lock_lock_clin</ownerDesignName>
<engineerTo>
<item key="2D5BF5D2-EF61-D0AA-11B3-3BB16A417795" value="true"/>
</engineerTo>
<sourcePk>38CC036F-543C-7341-6E36-40A57D7F5BB4</sourcePk>
<identifying>false</identifying>
<nameOnSource>contem</nameOnSource>
<nameOnTarget>tem</nameOnTarget>
<optionalSource>true</optionalSource>
<optionalTarget>false</optionalTarget>
<sourceCardinality>1</sourceCardinality>
<sourceEntity>849413F9-F8FD-08A9-66ED-0D064CEEBD18</sourceEntity>
<targetCardinalityString>1</targetCardinalityString>
<targetEntity>C7C3BEB5-99A3-2B63-45F3-27FD05C17936</targetEntity>
<transferable>true</transferable>
<deleteRule>NO ACTION</deleteRule>
</Relation>