<?xml version = '1.0' encoding = 'UTF-8'?>
<Relation class="oracle.dbtools.crest.model.design.logical.Relation" name="pres_proc" directorySegmentName="seg_0" id="982802C4-11BF-DCD0-9573-FDB7A44C646C">
<createdBy>Rodrigo</createdBy>
<createdTime>2015-10-02 20:40:05 UTC</createdTime>
<generatorID>Gerado pelo usuário</generatorID>
<ownerDesignName>modelo_final_dead_lock_lock_clin</ownerDesignName>
<engineerTo>
<item key="2D5BF5D2-EF61-D0AA-11B3-3BB16A417795" value="true"/>
</engineerTo>
<sourcePk>45CBBCF1-BB6C-6848-8779-E7EE047651A4</sourcePk>
<identifying>false</identifying>
<nameOnSource>faz</nameOnSource>
<nameOnTarget>esta contido</nameOnTarget>
<optionalSource>true</optionalSource>
<optionalTarget>false</optionalTarget>
<sourceCardinality>1</sourceCardinality>
<sourceEntity>A68F7510-E75A-E04E-175F-980A50738FD5</sourceEntity>
<targetCardinalityString>*</targetCardinalityString>
<targetEntity>44E67A0F-E61B-3B6E-A393-3E7FE31A2CBA</targetEntity>
<transferable>true</transferable>
<deleteRule>NO ACTION</deleteRule>
</Relation>