<?xml version = '1.0' encoding = 'UTF-8'?>
<Relation class="oracle.dbtools.crest.model.design.logical.Relation" name="conv_plan_conv" directorySegmentName="seg_0" id="9F83050B-3D7E-BABC-A413-F82507F7865F">
<createdBy>Rodrigo</createdBy>
<createdTime>2015-09-30 22:24:14 UTC</createdTime>
<generatorID>Gerado pelo usuário</generatorID>
<ownerDesignName>modelo_final_dead_lock_lock_clin</ownerDesignName>
<engineerTo>
<item key="2D5BF5D2-EF61-D0AA-11B3-3BB16A417795" value="true"/>
</engineerTo>
<sourcePk>6A60EF05-A5B1-26E6-2F0C-8CD08AAAA52D</sourcePk>
<identifying>false</identifying>
<nameOnSource>contem</nameOnSource>
<nameOnTarget>pertence</nameOnTarget>
<optionalSource>false</optionalSource>
<optionalTarget>false</optionalTarget>
<sourceCardinality>1</sourceCardinality>
<sourceEntity>3303F14C-06FD-AFEC-3FBE-6DD383CF0CE3</sourceEntity>
<targetCardinalityString>*</targetCardinalityString>
<targetEntity>8ABD6F52-777D-4BA6-0E7C-2FF7BA72D3D5</targetEntity>
<transferable>true</transferable>
<deleteRule>NO ACTION</deleteRule>
</Relation>