<?xml version = '1.0' encoding = 'UTF-8'?>
<Relation class="oracle.dbtools.crest.model.design.logical.Relation" name="uni_aten_conv" directorySegmentName="seg_0" id="A8EB8CE9-FE97-C736-CF05-3EAD00040C85">
<createdBy>Rodrigo</createdBy>
<createdTime>2015-09-30 22:23:28 UTC</createdTime>
<generatorID>Gerado pelo usuário</generatorID>
<ownerDesignName>modelo_final_dead_lock_lock_clin</ownerDesignName>
<engineerTo>
<item key="2D5BF5D2-EF61-D0AA-11B3-3BB16A417795" value="true"/>
</engineerTo>
<sourcePk>233D50FE-CFD8-A881-B626-02EADF4E1A2E</sourcePk>
<identifying>false</identifying>
<nameOnSource>contem</nameOnSource>
<nameOnTarget>esta atribuido</nameOnTarget>
<optionalSource>false</optionalSource>
<optionalTarget>true</optionalTarget>
<sourceCardinality>1</sourceCardinality>
<sourceEntity>7FCBAB41-9DB2-D002-0F3E-314CF1764FEA</sourceEntity>
<targetCardinalityString>*</targetCardinalityString>
<targetEntity>3303F14C-06FD-AFEC-3FBE-6DD383CF0CE3</targetEntity>
<transferable>true</transferable>
<deleteRule>NO ACTION</deleteRule>
</Relation>