<?xml version = '1.0' encoding = 'UTF-8'?>
<Relation class="oracle.dbtools.crest.model.design.logical.Relation" name="uni_pess" directorySegmentName="seg_0" id="C40FDBB8-BCAD-C1B5-6E1B-CD100969C989">
<createdBy>Rodrigo</createdBy>
<createdTime>2015-10-01 00:19:36 UTC</createdTime>
<generatorID>Gerado pelo usuário</generatorID>
<ownerDesignName>modelo_final_dead_lock_lock_clin</ownerDesignName>
<engineerTo>
<item key="2D5BF5D2-EF61-D0AA-11B3-3BB16A417795" value="true"/>
</engineerTo>
<sourcePk>233D50FE-CFD8-A881-B626-02EADF4E1A2E</sourcePk>
<identifying>false</identifying>
<nameOnSource>tem varias</nameOnSource>
<nameOnTarget>pertence</nameOnTarget>
<optionalSource>false</optionalSource>
<optionalTarget>false</optionalTarget>
<sourceCardinality>1</sourceCardinality>
<sourceEntity>7FCBAB41-9DB2-D002-0F3E-314CF1764FEA</sourceEntity>
<targetCardinalityString>*</targetCardinalityString>
<targetEntity>F73B21E4-E66D-65B9-BD22-2DECCE2669C8</targetEntity>
<transferable>true</transferable>
<deleteRule>NO ACTION</deleteRule>
</Relation>