<?xml version = '1.0' encoding = 'UTF-8'?>
<Relation class="oracle.dbtools.crest.model.design.logical.Relation" name="empresa_uni_atend" directorySegmentName="seg_0" id="CFE5F8D2-9634-8FC6-019A-34E4064BB056">
<createdBy>Rodrigo</createdBy>
<createdTime>2015-09-30 22:22:53 UTC</createdTime>
<generatorID>Gerado pelo usuário</generatorID>
<ownerDesignName>modelo_final_dead_lock_lock_clin</ownerDesignName>
<engineerTo>
<item key="2D5BF5D2-EF61-D0AA-11B3-3BB16A417795" value="true"/>
</engineerTo>
<sourcePk>2C6A3948-8DA5-1358-2F43-6A82605C8183</sourcePk>
<identifying>false</identifying>
<nameOnSource>contem</nameOnSource>
<nameOnTarget>pertence a</nameOnTarget>
<optionalSource>false</optionalSource>
<optionalTarget>false</optionalTarget>
<sourceCardinality>1</sourceCardinality>
<sourceEntity>757B4049-75ED-6810-75E7-071DC96DEC1A</sourceEntity>
<targetCardinalityString>*</targetCardinalityString>
<targetEntity>7FCBAB41-9DB2-D002-0F3E-314CF1764FEA</targetEntity>
<transferable>true</transferable>
<deleteRule>NO ACTION</deleteRule>
</Relation>