<?xml version = '1.0' encoding = 'UTF-8'?>
<Relation class="oracle.dbtools.crest.model.design.logical.Relation" name="fk_estado_pais" directorySegmentName="seg_0" id="DC708B5F-95C0-139B-1DFC-1EF4CBF5CFB7">
<createdBy>Rodrigo</createdBy>
<createdTime>2015-09-30 22:38:17 UTC</createdTime>
<generatorID>Gerado pelo usuário</generatorID>
<ownerDesignName>modelo_final_dead_lock_lock_clin</ownerDesignName>
<engineerTo>
<item key="2D5BF5D2-EF61-D0AA-11B3-3BB16A417795" value="true"/>
</engineerTo>
<sourcePk>9EF2DD93-5621-231D-3B0F-A433FE7E6C1C</sourcePk>
<identifying>false</identifying>
<optionalSource>true</optionalSource>
<optionalTarget>false</optionalTarget>
<sourceCardinality>1</sourceCardinality>
<sourceEntity>8A509394-E8D7-B23C-7A16-51FC58AD6119</sourceEntity>
<targetCardinalityString>*</targetCardinalityString>
<targetEntity>B61FA335-86D9-2469-FF8E-E636907A19C8</targetEntity>
<transferable>true</transferable>
<deleteRule>NO ACTION</deleteRule>
</Relation>