<?xml version = '1.0' encoding = 'UTF-8'?>
<Relation class="oracle.dbtools.crest.model.design.logical.Relation" name="agen_agendamen" directorySegmentName="seg_0" id="DCDFC4D6-1BEF-0E60-26D5-59BF7D61AC55">
<createdBy>Rodrigo</createdBy>
<createdTime>2015-09-30 23:18:23 UTC</createdTime>
<generatorID>Gerado pelo usuário</generatorID>
<ownerDesignName>modelo_final_dead_lock_lock_clin</ownerDesignName>
<engineerTo>
<item key="2D5BF5D2-EF61-D0AA-11B3-3BB16A417795" value="true"/>
</engineerTo>
<sourcePk>95871271-338B-59B6-86C8-3BDE7A41522A</sourcePk>
<identifying>false</identifying>
<nameOnSource>tem</nameOnSource>
<nameOnTarget>esta contido</nameOnTarget>
<optionalSource>false</optionalSource>
<optionalTarget>false</optionalTarget>
<sourceCardinality>1</sourceCardinality>
<sourceEntity>EC184D5E-9A6D-BA5B-2257-E5C518A350E5</sourceEntity>
<targetCardinalityString>*</targetCardinalityString>
<targetEntity>C7C3BEB5-99A3-2B63-45F3-27FD05C17936</targetEntity>
<transferable>true</transferable>
<deleteRule>NO ACTION</deleteRule>
</Relation>