<?xml version = '1.0' encoding = 'UTF-8'?>
<Relation class="oracle.dbtools.crest.model.design.logical.Relation" name="usua_pess" directorySegmentName="seg_0" id="DD59AFC1-AC2C-1645-CF82-66465C92E3AF">
<createdBy>Rodrigo</createdBy>
<createdTime>2015-10-02 20:43:45 UTC</createdTime>
<generatorID>Gerado pelo usuário</generatorID>
<ownerDesignName>modelo_final_dead_lock_lock_clin</ownerDesignName>
<engineerTo>
<item key="2D5BF5D2-EF61-D0AA-11B3-3BB16A417795" value="true"/>
</engineerTo>
<sourcePk>31C7E0D2-7172-9CFA-5CE3-1267DB340D35</sourcePk>
<identifying>false</identifying>
<nameOnSource>é</nameOnSource>
<nameOnTarget>pertence</nameOnTarget>
<optionalSource>true</optionalSource>
<optionalTarget>false</optionalTarget>
<sourceCardinality>1</sourceCardinality>
<sourceEntity>F73B21E4-E66D-65B9-BD22-2DECCE2669C8</sourceEntity>
<targetCardinalityString>1</targetCardinalityString>
<targetEntity>BAC71F1C-829F-52D3-A1C0-09E60C8BDBC6</targetEntity>
<transferable>true</transferable>
<deleteRule>NO ACTION</deleteRule>
</Relation>