<?xml version = '1.0' encoding = 'UTF-8'?>
<Relation class="oracle.dbtools.crest.model.design.logical.Relation" name="pess_paci" directorySegmentName="seg_0" id="F3C3D5F3-F65E-A95A-2F1C-E3A004F745E4">
<createdBy>Rodrigo</createdBy>
<createdTime>2015-09-30 22:36:07 UTC</createdTime>
<generatorID>Gerado pelo usuário</generatorID>
<ownerDesignName>modelo_final_dead_lock_lock_clin</ownerDesignName>
<engineerTo>
<item key="2D5BF5D2-EF61-D0AA-11B3-3BB16A417795" value="true"/>
</engineerTo>
<sourcePk>31C7E0D2-7172-9CFA-5CE3-1267DB340D35</sourcePk>
<targetPk>00FF780C-27B1-8555-FFDC-863333A37D90</targetPk>
<identifying>false</identifying>
<nameOnSource>é</nameOnSource>
<nameOnTarget>é</nameOnTarget>
<optionalSource>true</optionalSource>
<optionalTarget>true</optionalTarget>
<sourceCardinality>1</sourceCardinality>
<sourceEntity>F73B21E4-E66D-65B9-BD22-2DECCE2669C8</sourceEntity>
<targetCardinalityString>1</targetCardinalityString>
<targetEntity>0D6821F4-7D01-3A3D-A741-8D156EF498FD</targetEntity>
<transferable>true</transferable>
<deleteRule>NO ACTION</deleteRule>
</Relation>