<?xml version = '1.0' encoding = 'UTF-8'?>
<Relation class="oracle.dbtools.crest.model.design.logical.Relation" name="conv_pess" directorySegmentName="seg_0" id="F8AB8444-A2AE-A30D-6CBD-810231FEAECF">
<createdBy>Rodrigo</createdBy>
<createdTime>2015-10-01 00:20:22 UTC</createdTime>
<generatorID>Gerado pelo usuário</generatorID>
<ownerDesignName>modelo_final_dead_lock_lock_clin</ownerDesignName>
<engineerTo>
<item key="2D5BF5D2-EF61-D0AA-11B3-3BB16A417795" value="true"/>
</engineerTo>
<sourcePk>31C7E0D2-7172-9CFA-5CE3-1267DB340D35</sourcePk>
<targetPk>6A60EF05-A5B1-26E6-2F0C-8CD08AAAA52D</targetPk>
<identifying>false</identifying>
<nameOnSource>tem</nameOnSource>
<nameOnTarget>pertence</nameOnTarget>
<optionalSource>false</optionalSource>
<optionalTarget>true</optionalTarget>
<sourceCardinality>*</sourceCardinality>
<sourceEntity>F73B21E4-E66D-65B9-BD22-2DECCE2669C8</sourceEntity>
<targetCardinalityString>*</targetCardinalityString>
<targetEntity>3303F14C-06FD-AFEC-3FBE-6DD383CF0CE3</targetEntity>
<transferable>true</transferable>
<deleteRule>NO ACTION</deleteRule>
</Relation>