<?xml version = '1.0' encoding = 'UTF-8'?>
<Relation class="oracle.dbtools.crest.model.design.logical.Relation" name="end_cid" directorySegmentName="seg_0" id="F902E4C1-DD09-C3D4-C8AB-6D23D07F567C">
<createdBy>Rodrigo</createdBy>
<createdTime>2015-09-30 22:43:29 UTC</createdTime>
<generatorID>Gerado pelo usuário</generatorID>
<ownerDesignName>modelo_final_dead_lock_lock_clin</ownerDesignName>
<engineerTo>
<item key="2D5BF5D2-EF61-D0AA-11B3-3BB16A417795" value="true"/>
</engineerTo>
<sourcePk>2B9368A6-40A5-16C0-98A1-C11C32154418</sourcePk>
<identifying>false</identifying>
<nameOnSource>tem</nameOnSource>
<nameOnTarget>pertence</nameOnTarget>
<optionalSource>true</optionalSource>
<optionalTarget>false</optionalTarget>
<sourceCardinality>1</sourceCardinality>
<sourceEntity>1D479C49-72B7-29CD-AFCA-8DFFFFE09106</sourceEntity>
<targetCardinalityString>*</targetCardinalityString>
<targetEntity>1E3FA8C0-3235-288B-638D-31400B7F35B2</targetEntity>
<transferable>true</transferable>
<deleteRule>NO ACTION</deleteRule>
</Relation>