<?xml version = '1.0' encoding = 'UTF-8'?>
<Relation class="oracle.dbtools.crest.model.design.logical.Relation" name="tel_pess" directorySegmentName="seg_0" id="FD629134-4233-CF8B-E5FA-414D100BCF39">
<createdBy>Rodrigo</createdBy>
<createdTime>2015-10-02 20:28:48 UTC</createdTime>
<generatorID>Gerado pelo usuário</generatorID>
<ownerDesignName>modelo_final_dead_lock_lock_clin</ownerDesignName>
<engineerTo>
<item key="2D5BF5D2-EF61-D0AA-11B3-3BB16A417795" value="true"/>
</engineerTo>
<sourcePk>31C7E0D2-7172-9CFA-5CE3-1267DB340D35</sourcePk>
<identifying>false</identifying>
<nameOnSource>tem</nameOnSource>
<nameOnTarget>pertence</nameOnTarget>
<optionalSource>false</optionalSource>
<optionalTarget>false</optionalTarget>
<sourceCardinality>1</sourceCardinality>
<sourceEntity>F73B21E4-E66D-65B9-BD22-2DECCE2669C8</sourceEntity>
<targetCardinalityString>*</targetCardinalityString>
<targetEntity>570708F2-8D21-730C-3D90-24E4B165E9F4</targetEntity>
<transferable>true</transferable>
<deleteRule>NO ACTION</deleteRule>
</Relation>