<?xml version = '1.0' encoding = 'UTF-8'?>
<Entity class="oracle.dbtools.crest.model.design.logical.Entity" directorySegmentName="seg_0" id="0D6821F4-7D01-3A3D-A741-8D156EF498FD" name="PACIENTE">
<createdBy>Rodrigo</createdBy>
<createdTime>2015-09-30 21:52:23 UTC</createdTime>
<comment>Tabela para controle do paciente</comment>
<generatorID>Gerado pelo usuário</generatorID>
<ownerDesignName>modelo_final_dead_lock_lock_clin</ownerDesignName>
<adequatelyNormalized>NO</adequatelyNormalized>
<expectedVolumes>0</expectedVolumes>
<fwdEngineeringStrategyName>Single Table</fwdEngineeringStrategyName>
<growthPercent>0</growthPercent>
<growthType>Year</growthType>
<maxVolumes>9999999</maxVolumes>
<minVolumes>0</minVolumes>
<normalForm>Third</normalForm>
<shortName>PAC</shortName>
<attributes itemClass="oracle.dbtools.crest.model.design.logical.Attribute">
<Attribute name="cd_paciente" id="CCCDC267-6C14-D208-C69A-A6D53E16A75F">
<createdBy>Rodrigo</createdBy>
<createdTime>2015-09-30 21:52:42 UTC</createdTime>
<comment>Chave Primária do Paciente</comment>
<generatorID>Gerado pelo usuário</generatorID>
<ownerDesignName>modelo_final_dead_lock_lock_clin</ownerDesignName>
<useDomainConstraints>false</useDomainConstraints>
<use>1</use>
<logicalDatatype>LOGDT011</logicalDatatype>
<ownDataTypeParameters>,,</ownDataTypeParameters>
</Attribute>
<Attribute name="ds_civ_paciente" id="3D97FA3A-7025-9B99-0CA8-F19E36400C63">
<createdBy>Rodrigo</createdBy>
<createdTime>2015-09-30 21:53:07 UTC</createdTime>
<comment>Estado Civil do Paciente</comment>
<generatorID>Gerado pelo usuário</generatorID>
<ownerDesignName>modelo_final_dead_lock_lock_clin</ownerDesignName>
<use>0</use>
<logicalDatatype>LOGDT024</logicalDatatype>
<domain>4F3A5CB6-EF30-C0E7-6216-4E5636EDAD32</domain>
<ownDataTypeParameters>,,</ownDataTypeParameters>
</Attribute>
<Attribute name="ds_esc_paciente" id="AD9574B3-E14E-D078-9B93-1EA5F467AA29">
<createdBy>Rodrigo</createdBy>
<createdTime>2015-09-30 21:54:16 UTC</createdTime>
<comment>Escolaridade do Paciente</comment>
<generatorID>Gerado pelo usuário</generatorID>
<ownerDesignName>modelo_final_dead_lock_lock_clin</ownerDesignName>
<useDomainConstraints>false</useDomainConstraints>
<use>1</use>
<logicalDatatype>LOGDT024</logicalDatatype>
<dataTypeSize>100</dataTypeSize>
<ownDataTypeParameters>100,,</ownDataTypeParameters>
</Attribute>
<Attribute name="ds_rac_paciente" id="103DEC8A-FF88-54A8-8553-D1AC46F5EC99">
<createdBy>Rodrigo</createdBy>
<createdTime>2015-09-30 21:57:51 UTC</createdTime>
<comment>Cor/Raça do Paciente</comment>
<generatorID>Gerado pelo usuário</generatorID>
<ownerDesignName>modelo_final_dead_lock_lock_clin</ownerDesignName>
<use>0</use>
<logicalDatatype>LOGDT024</logicalDatatype>
<domain>B0BBBA56-6A77-4634-D119-10AC440B5C02</domain>
<ownDataTypeParameters>,,</ownDataTypeParameters>
</Attribute>
<Attribute name="ds_nat_paciente" id="E600681A-C8D2-EB78-42DD-C4D7A87DEE38">
<createdBy>Rodrigo</createdBy>
<createdTime>2015-09-30 21:58:25 UTC</createdTime>
<comment>Naturalidade do Paciente</comment>
<generatorID>Gerado pelo usuário</generatorID>
<ownerDesignName>modelo_final_dead_lock_lock_clin</ownerDesignName>
<useDomainConstraints>false</useDomainConstraints>
<use>1</use>
<logicalDatatype>LOGDT024</logicalDatatype>
<dataTypeSize>100</dataTypeSize>
<ownDataTypeParameters>100,,</ownDataTypeParameters>
</Attribute>
<Attribute name="nm_mae_paciente" id="E3E6D39C-5BDE-7430-CB9F-F822067186E5">
<createdBy>Rodrigo</createdBy>
<createdTime>2015-09-30 21:59:06 UTC</createdTime>
<generatorID>Gerado pelo usuário</generatorID>
<ownerDesignName>modelo_final_dead_lock_lock_clin</ownerDesignName>
<useDomainConstraints>false</useDomainConstraints>
<use>1</use>
<logicalDatatype>LOGDT024</logicalDatatype>
<dataTypeSize>100</dataTypeSize>
<ownDataTypeParameters>100,,</ownDataTypeParameters>
</Attribute>
<Attribute name="nm_pai_paciente" id="76AB9787-E43A-7B39-5953-B57D23FAE266">
<createdBy>Rodrigo</createdBy>
<createdTime>2015-09-30 22:00:07 UTC</createdTime>
<comment>Nome do pai do paciente</comment>
<generatorID>Gerado pelo usuário</generatorID>
<ownerDesignName>modelo_final_dead_lock_lock_clin</ownerDesignName>
<useDomainConstraints>false</useDomainConstraints>
<use>1</use>
<logicalDatatype>LOGDT024</logicalDatatype>
<dataTypeSize>100</dataTypeSize>
<ownDataTypeParameters>100,,</ownDataTypeParameters>
</Attribute>
<Attribute name="ds_sta_paciente" id="7FCAC13F-F4F9-0C1F-53A9-D9BF97700565">
<createdBy>Rodrigo</createdBy>
<createdTime>2015-09-30 22:00:38 UTC</createdTime>
<comment>Status do Paciente Ativo/Inativo</comment>
<generatorID>Gerado pelo usuário</generatorID>
<ownerDesignName>modelo_final_dead_lock_lock_clin</ownerDesignName>
<useDomainConstraints>false</useDomainConstraints>
<use>1</use>
<logicalDatatype>LOGDT024</logicalDatatype>
<dataTypeSize>9</dataTypeSize>
<ownDataTypeParameters>9,,</ownDataTypeParameters>
</Attribute>
<Attribute name="cd_pessoa" id="81C50571-71C7-6272-1889-FC208CE305D2">
<createdBy>Rodrigo</createdBy>
<createdTime>2015-09-30 22:36:07 UTC</createdTime>
<comment>Codigo da pessoa , Chave primaria</comment>
<generatorID>F3C3D5F3-F65E-A95A-2F1C-E3A004F745E4</generatorID>
<ownerDesignName>modelo_final_dead_lock_lock_clin</ownerDesignName>
<nullsAllowed>true</nullsAllowed>
<referedAttribute>4A80B7DA-1BAC-EA91-B81A-C097F6540E01</referedAttribute>
<useDomainConstraints>false</useDomainConstraints>
<use>1</use>
<logicalDatatype>LOGDT011</logicalDatatype>
<ownDataTypeParameters>,,</ownDataTypeParameters>
</Attribute>
<Attribute name="nu_crm_medico" id="C6E91D6F-5589-0B21-BDAE-E3946040EE8D">
<createdBy>Rodrigo</createdBy>
<createdTime>2015-10-02 20:39:18 UTC</createdTime>
<comment>Numero do crm do médico Chave Primária</comment>
<generatorID>0179090D-F24F-1259-5DD3-EF75E4448D90</generatorID>
<ownerDesignName>modelo_final_dead_lock_lock_clin</ownerDesignName>
<referedAttribute>56B797B9-9D70-6224-B3EE-F8E7372FEDBE</referedAttribute>
<useDomainConstraints>false</useDomainConstraints>
<use>1</use>
<logicalDatatype>LOGDT025</logicalDatatype>
<dataTypeSize>5</dataTypeSize>
<ownDataTypeParameters>5,,</ownDataTypeParameters>
</Attribute>
<Attribute name="cd_orig_paci" id="F51E6FB8-FF70-CD69-AB2A-717300784565">
<createdBy>Rodrigo</createdBy>
<createdTime>2015-10-02 21:24:40 UTC</createdTime>
<comment>codigo da origem do paciente chave primaria</comment>
<generatorID>36B9315C-F7D2-5326-ECD5-B3D958AD2280</generatorID>
<ownerDesignName>modelo_final_dead_lock_lock_clin</ownerDesignName>
<referedAttribute>DF761711-B997-7786-A3D8-DE29280F9DF3</referedAttribute>
<useDomainConstraints>false</useDomainConstraints>
<use>1</use>
<logicalDatatype>LOGDT011</logicalDatatype>
<ownDataTypeParameters>,,</ownDataTypeParameters>
</Attribute>
</attributes>
<identifiers itemClass="oracle.dbtools.crest.model.design.logical.CandidateKey">
<identifier id="00FF780C-27B1-8555-FFDC-863333A37D90" name="PACIENTE PK">
<createdBy>Rodrigo</createdBy>
<createdTime>2015-09-30 21:52:55 UTC</createdTime>
<generatorID>Gerado pelo usuário</generatorID>
<ownerDesignName>modelo_final_dead_lock_lock_clin</ownerDesignName>
<pk>true</pk>
<usedAttributes>
<attributeRef>CCCDC267-6C14-D208-C69A-A6D53E16A75F</attributeRef>
</usedAttributes>
</identifier>
</identifiers>
</Entity>