<?xml version = '1.0' encoding = 'UTF-8'?>
<Entity class="oracle.dbtools.crest.model.design.logical.Entity" directorySegmentName="seg_0" id="18B6A90D-94FE-0E84-B354-522C46E91B31" name="EMAIL">
<createdBy>Rodrigo</createdBy>
<createdTime>2015-10-02 20:33:50 UTC</createdTime>
<comment>Tabela para controle do email das pessoas</comment>
<generatorID>Gerado pelo usuário</generatorID>
<ownerDesignName>modelo_final_dead_lock_lock_clin</ownerDesignName>
<engineerTo>
<item key="2D5BF5D2-EF61-D0AA-11B3-3BB16A417795" value="true"/>
</engineerTo>
<adequatelyNormalized>NO</adequatelyNormalized>
<expectedVolumes>0</expectedVolumes>
<fwdEngineeringStrategyName>Single Table</fwdEngineeringStrategyName>
<growthPercent>0</growthPercent>
<growthType>Year</growthType>
<maxVolumes>9999999</maxVolumes>
<minVolumes>0</minVolumes>
<normalForm>Third</normalForm>
<shortName>ema</shortName>
<attributes itemClass="oracle.dbtools.crest.model.design.logical.Attribute">
<Attribute name="nm_email" id="8078C638-321C-2ED0-EB39-D20AB5CF65CB">
<createdBy>Rodrigo</createdBy>
<createdTime>2015-10-02 20:34:11 UTC</createdTime>
<comment>Nome do email </comment>
<generatorID>Gerado pelo usuário</generatorID>
<ownerDesignName>modelo_final_dead_lock_lock_clin</ownerDesignName>
<engineerTo>
<item key="2D5BF5D2-EF61-D0AA-11B3-3BB16A417795" value="true"/>
</engineerTo>
<useDomainConstraints>false</useDomainConstraints>
<use>1</use>
<logicalDatatype>LOGDT024</logicalDatatype>
<dataTypeSize>140</dataTypeSize>
<ownDataTypeParameters>140,,</ownDataTypeParameters>
</Attribute>
<Attribute name="tp_email" id="881489D4-F431-D8E1-BE99-E2E14E85A6EB">
<createdBy>Rodrigo</createdBy>
<createdTime>2015-10-02 20:34:40 UTC</createdTime>
<comment>Tipo do email</comment>
<generatorID>Gerado pelo usuário</generatorID>
<ownerDesignName>modelo_final_dead_lock_lock_clin</ownerDesignName>
<engineerTo>
<item key="2D5BF5D2-EF61-D0AA-11B3-3BB16A417795" value="true"/>
</engineerTo>
<useDomainConstraints>false</useDomainConstraints>
<use>1</use>
<logicalDatatype>LOGDT024</logicalDatatype>
<dataTypeSize>40</dataTypeSize>
<ownDataTypeParameters>40,,</ownDataTypeParameters>
</Attribute>
<Attribute name="cd_pessoa" id="2D822094-CB36-38A1-DA42-FBD3FCF06D77">
<createdBy>Rodrigo</createdBy>
<createdTime>2015-10-02 20:35:13 UTC</createdTime>
<comment>Codigo da pessoa , Chave primaria</comment>
<generatorID>9AB58F11-E20A-766C-39FD-66A7D5457335</generatorID>
<ownerDesignName>modelo_final_dead_lock_lock_clin</ownerDesignName>
<engineerTo>
<item key="2D5BF5D2-EF61-D0AA-11B3-3BB16A417795" value="true"/>
</engineerTo>
<referedAttribute>4A80B7DA-1BAC-EA91-B81A-C097F6540E01</referedAttribute>
<useDomainConstraints>false</useDomainConstraints>
<use>1</use>
<logicalDatatype>LOGDT011</logicalDatatype>
<ownDataTypeParameters>,,</ownDataTypeParameters>
</Attribute>
</attributes>
</Entity>