<?xml version = '1.0' encoding = 'UTF-8'?>
<Entity class="oracle.dbtools.crest.model.design.logical.Entity" directorySegmentName="seg_0" id="1D479C49-72B7-29CD-AFCA-8DFFFFE09106" name="CIDADE">
<createdBy>Rodrigo</createdBy>
<createdTime>2015-09-30 22:38:17 UTC</createdTime>
<comment>Tabela para controle das cidades</comment>
<ownerDesignName>modelo_final_dead_lock_lock_clin</ownerDesignName>
<engineerTo>
<item key="2D5BF5D2-EF61-D0AA-11B3-3BB16A417795" value="true"/>
</engineerTo>
<adequatelyNormalized>NO</adequatelyNormalized>
<expectedVolumes>0</expectedVolumes>
<fwdEngineeringStrategyName>Single Table</fwdEngineeringStrategyName>
<growthPercent>0</growthPercent>
<growthType>Year</growthType>
<maxVolumes>9999999</maxVolumes>
<minVolumes>0</minVolumes>
<normalForm>Third</normalForm>
<attributes itemClass="oracle.dbtools.crest.model.design.logical.Attribute">
<Attribute name="cd_cidade" id="6DC3B02C-1765-5BBE-4DEB-D9C2F1514C10">
<createdBy>Rodrigo</createdBy>
<createdTime>2015-09-30 22:38:17 UTC</createdTime>
<comment>Codigo da cidade</comment>
<generatorID>Gerado pelo usuário</generatorID>
<ownerDesignName>modelo_final_dead_lock_lock_clin</ownerDesignName>
<shouldEngineer>false</shouldEngineer>
<importedID>0ABC2E61-AF5B-4BFC-E9F6-04CEAA85B37B</importedID>
<engineerTo>
<item key="2D5BF5D2-EF61-D0AA-11B3-3BB16A417795" value="false"/>
</engineerTo>
<useDomainConstraints>false</useDomainConstraints>
<use>1</use>
<logicalDatatype>LOGDT011</logicalDatatype>
<ownDataTypeParameters>,,</ownDataTypeParameters>
</Attribute>
<Attribute name="nm_cidade" id="4E1B486C-F48A-E013-B37E-A7B32B975A0D">
<createdBy>Rodrigo</createdBy>
<createdTime>2015-09-30 22:38:17 UTC</createdTime>
<comment>Nome da cidade</comment>
<generatorID>Gerado pelo usuário</generatorID>
<ownerDesignName>modelo_final_dead_lock_lock_clin</ownerDesignName>
<shouldEngineer>false</shouldEngineer>
<importedID>1C580012-BC40-2076-7C18-73D24F60B46A</importedID>
<engineerTo>
<item key="2D5BF5D2-EF61-D0AA-11B3-3BB16A417795" value="false"/>
</engineerTo>
<useDomainConstraints>false</useDomainConstraints>
<use>1</use>
<logicalDatatype>LOGDT024</logicalDatatype>
<dataTypeSize>100</dataTypeSize>
<ownDataTypeParameters>100,,</ownDataTypeParameters>
</Attribute>
<Attribute name="cd_estado" id="FBADED9E-8ACD-89D5-867D-22A1E23F2B52">
<createdBy>Rodrigo</createdBy>
<createdTime>2015-10-02 21:31:16 UTC</createdTime>
<comment>codigo do estado</comment>
<generatorID>5864651E-5035-92D3-E6BE-AF8B47248815</generatorID>
<ownerDesignName>modelo_final_dead_lock_lock_clin</ownerDesignName>
<engineerTo>
<item key="2D5BF5D2-EF61-D0AA-11B3-3BB16A417795" value="true"/>
</engineerTo>
<referedAttribute>D683357E-8275-E2A6-F12F-7F751C957CB5</referedAttribute>
<useDomainConstraints>false</useDomainConstraints>
<use>1</use>
<logicalDatatype>LOGDT011</logicalDatatype>
<dataTypePrecision>3</dataTypePrecision>
<ownDataTypeParameters>,3,</ownDataTypeParameters>
</Attribute>
</attributes>
<identifiers itemClass="oracle.dbtools.crest.model.design.logical.CandidateKey">
<identifier id="2B9368A6-40A5-16C0-98A1-C11C32154418" name="CIDADE PK">
<createdBy>Rodrigo</createdBy>
<createdTime>2015-09-30 22:38:17 UTC</createdTime>
<ownerDesignName>modelo_final_dead_lock_lock_clin</ownerDesignName>
<engineerTo>
<item key="2D5BF5D2-EF61-D0AA-11B3-3BB16A417795" value="true"/>
</engineerTo>
<pk>true</pk>
<usedAttributes>
<attributeRef>6DC3B02C-1765-5BBE-4DEB-D9C2F1514C10</attributeRef>
</usedAttributes>
</identifier>
</identifiers>
</Entity>