<?xml version = '1.0' encoding = 'UTF-8'?>
<Entity class="oracle.dbtools.crest.model.design.logical.Entity" directorySegmentName="seg_0" id="1E3FA8C0-3235-288B-638D-31400B7F35B2" name="ENDERECO">
<createdBy>Rodrigo</createdBy>
<createdTime>2015-09-30 22:39:38 UTC</createdTime>
<comment>Tabela para controle do endereco</comment>
<generatorID>Gerado pelo usuário</generatorID>
<ownerDesignName>modelo_final_dead_lock_lock_clin</ownerDesignName>
<engineerTo>
<item key="2D5BF5D2-EF61-D0AA-11B3-3BB16A417795" value="true"/>
</engineerTo>
<adequatelyNormalized>NO</adequatelyNormalized>
<expectedVolumes>0</expectedVolumes>
<fwdEngineeringStrategyName>Single Table</fwdEngineeringStrategyName>
<growthPercent>0</growthPercent>
<growthType>Year</growthType>
<maxVolumes>9999999</maxVolumes>
<minVolumes>0</minVolumes>
<normalForm>Third</normalForm>
<shortName>END</shortName>
<attributes itemClass="oracle.dbtools.crest.model.design.logical.Attribute">
<Attribute name="cd_endereco" id="47C3A350-D0E2-C7F1-7112-440593F80E5A">
<createdBy>Rodrigo</createdBy>
<createdTime>2015-09-30 22:40:38 UTC</createdTime>
<comment>codigo do endereco chave primaria</comment>
<generatorID>Gerado pelo usuário</generatorID>
<ownerDesignName>modelo_final_dead_lock_lock_clin</ownerDesignName>
<engineerTo>
<item key="2D5BF5D2-EF61-D0AA-11B3-3BB16A417795" value="true"/>
</engineerTo>
<useDomainConstraints>false</useDomainConstraints>
<use>1</use>
<logicalDatatype>LOGDT011</logicalDatatype>
<ownDataTypeParameters>,,</ownDataTypeParameters>
</Attribute>
<Attribute name="tp_endereco" id="AB5443E9-6F95-3309-0F10-F39CC9FCE9CD">
<createdBy>Rodrigo</createdBy>
<createdTime>2015-10-02 20:29:21 UTC</createdTime>
<comment>Tipo do endereco RESIDENCIAL,COMERCIAL</comment>
<generatorID>Gerado pelo usuário</generatorID>
<ownerDesignName>modelo_final_dead_lock_lock_clin</ownerDesignName>
<engineerTo>
<item key="2D5BF5D2-EF61-D0AA-11B3-3BB16A417795" value="true"/>
</engineerTo>
<use>0</use>
<logicalDatatype>LOGDT024</logicalDatatype>
<domain>0BC8B8FD-EC57-75EC-F19B-522593CAA6F4</domain>
<ownDataTypeParameters>,,</ownDataTypeParameters>
</Attribute>
<Attribute name="nm_endereco" id="FC62D7FC-C89D-EBDB-AF07-06676E014DD4">
<createdBy>Rodrigo</createdBy>
<createdTime>2015-09-30 22:40:57 UTC</createdTime>
<comment>Nome do Endereco</comment>
<generatorID>Gerado pelo usuário</generatorID>
<ownerDesignName>modelo_final_dead_lock_lock_clin</ownerDesignName>
<engineerTo>
<item key="2D5BF5D2-EF61-D0AA-11B3-3BB16A417795" value="true"/>
</engineerTo>
<useDomainConstraints>false</useDomainConstraints>
<use>1</use>
<logicalDatatype>LOGDT024</logicalDatatype>
<dataTypeSize>100</dataTypeSize>
<ownDataTypeParameters>100,,</ownDataTypeParameters>
</Attribute>
<Attribute name="lg_endereco" id="CD92B466-D317-912D-A89E-3BB92E08101E">
<createdBy>Rodrigo</createdBy>
<createdTime>2015-09-30 22:41:20 UTC</createdTime>
<comment>Logradouro do Endereco</comment>
<generatorID>Gerado pelo usuário</generatorID>
<ownerDesignName>modelo_final_dead_lock_lock_clin</ownerDesignName>
<engineerTo>
<item key="2D5BF5D2-EF61-D0AA-11B3-3BB16A417795" value="true"/>
</engineerTo>
<use>0</use>
<logicalDatatype>LOGDT024</logicalDatatype>
<domain>AEA0B60C-BC17-D44D-A9CC-BE14F34303EF</domain>
<ownDataTypeParameters>,,</ownDataTypeParameters>
</Attribute>
<Attribute name="nu_endereco" id="6E6972A8-8289-A855-3218-E6E2FEEF2C3B">
<createdBy>Rodrigo</createdBy>
<createdTime>2015-09-30 22:41:59 UTC</createdTime>
<comment>Numero do endereco</comment>
<generatorID>Gerado pelo usuário</generatorID>
<ownerDesignName>modelo_final_dead_lock_lock_clin</ownerDesignName>
<engineerTo>
<item key="2D5BF5D2-EF61-D0AA-11B3-3BB16A417795" value="true"/>
</engineerTo>
<useDomainConstraints>false</useDomainConstraints>
<use>1</use>
<logicalDatatype>LOGDT025</logicalDatatype>
<dataTypeSize>10</dataTypeSize>
<ownDataTypeParameters>10,,</ownDataTypeParameters>
</Attribute>
<Attribute name="ba_endereco" id="58D2A891-1A22-0904-865B-6C032074F5A4">
<createdBy>Rodrigo</createdBy>
<createdTime>2015-09-30 22:42:34 UTC</createdTime>
<comment>Bairro do endereco</comment>
<generatorID>Gerado pelo usuário</generatorID>
<ownerDesignName>modelo_final_dead_lock_lock_clin</ownerDesignName>
<engineerTo>
<item key="2D5BF5D2-EF61-D0AA-11B3-3BB16A417795" value="true"/>
</engineerTo>
<useDomainConstraints>false</useDomainConstraints>
<use>1</use>
<logicalDatatype>LOGDT024</logicalDatatype>
<dataTypeSize>100</dataTypeSize>
<ownDataTypeParameters>100,,</ownDataTypeParameters>
</Attribute>
<Attribute name="cd_pessoa" id="26E57C11-FE46-FCAE-7AB3-1A498FE0445C">
<createdBy>Rodrigo</createdBy>
<createdTime>2015-09-30 22:44:03 UTC</createdTime>
<comment>Codigo da pessoa , Chave primaria</comment>
<generatorID>7911B719-0CA2-40B0-A282-0D5322934424</generatorID>
<ownerDesignName>modelo_final_dead_lock_lock_clin</ownerDesignName>
<engineerTo>
<item key="2D5BF5D2-EF61-D0AA-11B3-3BB16A417795" value="true"/>
</engineerTo>
<referedAttribute>4A80B7DA-1BAC-EA91-B81A-C097F6540E01</referedAttribute>
<useDomainConstraints>false</useDomainConstraints>
<use>1</use>
<logicalDatatype>LOGDT011</logicalDatatype>
<ownDataTypeParameters>,,</ownDataTypeParameters>
</Attribute>
<Attribute name="cd_cidade" id="8797EFD3-1F90-1DF0-B822-4D59258793C4">
<createdBy>Rodrigo</createdBy>
<createdTime>2015-10-02 21:31:41 UTC</createdTime>
<comment>Codigo da cidade</comment>
<generatorID>F902E4C1-DD09-C3D4-C8AB-6D23D07F567C</generatorID>
<ownerDesignName>modelo_final_dead_lock_lock_clin</ownerDesignName>
<engineerTo>
<item key="2D5BF5D2-EF61-D0AA-11B3-3BB16A417795" value="true"/>
</engineerTo>
<referedAttribute>6DC3B02C-1765-5BBE-4DEB-D9C2F1514C10</referedAttribute>
<useDomainConstraints>false</useDomainConstraints>
<use>1</use>
<logicalDatatype>LOGDT011</logicalDatatype>
<ownDataTypeParameters>,,</ownDataTypeParameters>
</Attribute>
</attributes>
<identifiers itemClass="oracle.dbtools.crest.model.design.logical.CandidateKey">
<identifier id="F9260FF0-7628-E067-FF76-F7E818535D86" name="ENDERECO PK">
<createdBy>Rodrigo</createdBy>
<createdTime>2015-09-30 22:40:49 UTC</createdTime>
<generatorID>Gerado pelo usuário</generatorID>
<ownerDesignName>modelo_final_dead_lock_lock_clin</ownerDesignName>
<shouldEngineer>false</shouldEngineer>
<engineerTo>
<item key="2D5BF5D2-EF61-D0AA-11B3-3BB16A417795" value="false"/>
</engineerTo>
<pk>true</pk>
<usedAttributes>
<attributeRef>47C3A350-D0E2-C7F1-7112-440593F80E5A</attributeRef>
</usedAttributes>
</identifier>
</identifiers>
</Entity>