<?xml version = '1.0' encoding = 'UTF-8'?>
<Entity class="oracle.dbtools.crest.model.design.logical.Entity" directorySegmentName="seg_0" id="3303F14C-06FD-AFEC-3FBE-6DD383CF0CE3" name="CONVENIO">
<createdBy>Rodrigo</createdBy>
<createdTime>2015-09-30 22:01:39 UTC</createdTime>
<comment>Tabela para controle do convenio</comment>
<generatorID>Gerado pelo usuário</generatorID>
<ownerDesignName>modelo_final_dead_lock_lock_clin</ownerDesignName>
<engineerTo>
<item key="2D5BF5D2-EF61-D0AA-11B3-3BB16A417795" value="true"/>
</engineerTo>
<adequatelyNormalized>NO</adequatelyNormalized>
<expectedVolumes>0</expectedVolumes>
<fwdEngineeringStrategyName>Single Table</fwdEngineeringStrategyName>
<growthPercent>0</growthPercent>
<growthType>Year</growthType>
<maxVolumes>9999999</maxVolumes>
<minVolumes>0</minVolumes>
<normalForm>Third</normalForm>
<shortName>CON</shortName>
<attributes itemClass="oracle.dbtools.crest.model.design.logical.Attribute">
<Attribute name="cd_convenio" id="EADF692F-C440-DD04-739D-C3B9CBCC437C">
<createdBy>Rodrigo</createdBy>
<createdTime>2015-09-30 22:01:57 UTC</createdTime>
<comment>Codigo do Convenio Chave Primaria</comment>
<generatorID>Gerado pelo usuário</generatorID>
<ownerDesignName>modelo_final_dead_lock_lock_clin</ownerDesignName>
<engineerTo>
<item key="2D5BF5D2-EF61-D0AA-11B3-3BB16A417795" value="true"/>
</engineerTo>
<useDomainConstraints>false</useDomainConstraints>
<use>1</use>
<logicalDatatype>LOGDT011</logicalDatatype>
<ownDataTypeParameters>,,</ownDataTypeParameters>
</Attribute>
<Attribute name="nm_convenio" id="BA3B34DD-9949-5D2A-BC19-0D6E2E2EAE8D">
<createdBy>Rodrigo</createdBy>
<createdTime>2015-09-30 22:02:30 UTC</createdTime>
<comment>Nome do convenio</comment>
<generatorID>Gerado pelo usuário</generatorID>
<ownerDesignName>modelo_final_dead_lock_lock_clin</ownerDesignName>
<engineerTo>
<item key="2D5BF5D2-EF61-D0AA-11B3-3BB16A417795" value="true"/>
</engineerTo>
<useDomainConstraints>false</useDomainConstraints>
<use>1</use>
<logicalDatatype>LOGDT024</logicalDatatype>
<dataTypeSize>100</dataTypeSize>
<ownDataTypeParameters>100,,</ownDataTypeParameters>
</Attribute>
<Attribute name="ds_raz_convenio" id="9334DD73-7CE1-53F3-067F-EF5427841C0E">
<createdBy>Rodrigo</createdBy>
<createdTime>2015-09-30 22:02:54 UTC</createdTime>
<comment>Razão social do convenio</comment>
<generatorID>Gerado pelo usuário</generatorID>
<ownerDesignName>modelo_final_dead_lock_lock_clin</ownerDesignName>
<engineerTo>
<item key="2D5BF5D2-EF61-D0AA-11B3-3BB16A417795" value="true"/>
</engineerTo>
<useDomainConstraints>false</useDomainConstraints>
<use>1</use>
<logicalDatatype>LOGDT024</logicalDatatype>
<dataTypeSize>100</dataTypeSize>
<ownDataTypeParameters>100,,</ownDataTypeParameters>
</Attribute>
<Attribute name="nu_cnp_convenio" id="AA854837-92FC-3AF3-1B1E-7E205739458B">
<createdBy>Rodrigo</createdBy>
<createdTime>2015-09-30 22:03:51 UTC</createdTime>
<comment>Numero de CNPJ do Convenio</comment>
<generatorID>Gerado pelo usuário</generatorID>
<ownerDesignName>modelo_final_dead_lock_lock_clin</ownerDesignName>
<engineerTo>
<item key="2D5BF5D2-EF61-D0AA-11B3-3BB16A417795" value="true"/>
</engineerTo>
<useDomainConstraints>false</useDomainConstraints>
<use>1</use>
<logicalDatatype>LOGDT025</logicalDatatype>
<dataTypeSize>14</dataTypeSize>
<ownDataTypeParameters>14,,</ownDataTypeParameters>
</Attribute>
<Attribute name="nu_ins_convenio" id="CC9D590A-024C-CEBF-37E6-635E7461E342">
<createdBy>Rodrigo</createdBy>
<createdTime>2015-09-30 22:04:20 UTC</createdTime>
<comment>Número de Inscrição Municipal do Convenio</comment>
<generatorID>Gerado pelo usuário</generatorID>
<ownerDesignName>modelo_final_dead_lock_lock_clin</ownerDesignName>
<engineerTo>
<item key="2D5BF5D2-EF61-D0AA-11B3-3BB16A417795" value="true"/>
</engineerTo>
<useDomainConstraints>false</useDomainConstraints>
<use>1</use>
<logicalDatatype>LOGDT025</logicalDatatype>
<dataTypeSize>20</dataTypeSize>
<ownDataTypeParameters>20,,</ownDataTypeParameters>
</Attribute>
<Attribute name="nu_cns_convenio" id="91EBC39C-AB10-08A9-7CD7-7B9641FCBD8D">
<createdBy>Rodrigo</createdBy>
<createdTime>2015-09-30 22:04:51 UTC</createdTime>
<comment>Numero do CNES do Convenio</comment>
<generatorID>Gerado pelo usuário</generatorID>
<ownerDesignName>modelo_final_dead_lock_lock_clin</ownerDesignName>
<engineerTo>
<item key="2D5BF5D2-EF61-D0AA-11B3-3BB16A417795" value="true"/>
</engineerTo>
<useDomainConstraints>false</useDomainConstraints>
<use>1</use>
<logicalDatatype>LOGDT025</logicalDatatype>
<dataTypeSize>7</dataTypeSize>
<ownDataTypeParameters>7,,</ownDataTypeParameters>
</Attribute>
<Attribute name="nu_ans_convenio" id="8E0B91C6-CCFE-0949-0862-65F77CEBA66A">
<createdBy>Rodrigo</createdBy>
<createdTime>2015-09-30 22:05:18 UTC</createdTime>
<comment>Numero ANS do convenio</comment>
<generatorID>Gerado pelo usuário</generatorID>
<ownerDesignName>modelo_final_dead_lock_lock_clin</ownerDesignName>
<engineerTo>
<item key="2D5BF5D2-EF61-D0AA-11B3-3BB16A417795" value="true"/>
</engineerTo>
<useDomainConstraints>false</useDomainConstraints>
<use>1</use>
<logicalDatatype>LOGDT025</logicalDatatype>
<dataTypeSize>7</dataTypeSize>
<ownDataTypeParameters>7,,</ownDataTypeParameters>
</Attribute>
<Attribute name="ds_obs_convenio" id="32755020-89B2-BD54-4544-54E783EAC262">
<createdBy>Rodrigo</createdBy>
<createdTime>2015-09-30 22:06:17 UTC</createdTime>
<comment>Observações do Convenio</comment>
<generatorID>Gerado pelo usuário</generatorID>
<ownerDesignName>modelo_final_dead_lock_lock_clin</ownerDesignName>
<engineerTo>
<item key="2D5BF5D2-EF61-D0AA-11B3-3BB16A417795" value="true"/>
</engineerTo>
<useDomainConstraints>false</useDomainConstraints>
<use>1</use>
<logicalDatatype>LOGDT024</logicalDatatype>
<dataTypeSize>300</dataTypeSize>
<ownDataTypeParameters>300,,</ownDataTypeParameters>
</Attribute>
<Attribute name="fl_hab_convenio" id="53E894BE-87E1-C63C-B1A1-076F44CEA604">
<createdBy>Rodrigo</createdBy>
<createdTime>2015-09-30 22:06:41 UTC</createdTime>
<comment>Flag habilitado do convenio</comment>
<generatorID>Gerado pelo usuário</generatorID>
<ownerDesignName>modelo_final_dead_lock_lock_clin</ownerDesignName>
<engineerTo>
<item key="2D5BF5D2-EF61-D0AA-11B3-3BB16A417795" value="true"/>
</engineerTo>
<useDomainConstraints>false</useDomainConstraints>
<use>1</use>
<logicalDatatype>LOGDT006</logicalDatatype>
<dataTypeSize>2</dataTypeSize>
<ownDataTypeParameters>2,,</ownDataTypeParameters>
</Attribute>
<Attribute name="cd_ua" id="0F2230C1-F6D7-6C5B-5D65-0750F97BB37C">
<createdBy>Rodrigo</createdBy>
<createdTime>2015-09-30 22:23:28 UTC</createdTime>
<comment>Chave Primária da Unidade de Atendimento</comment>
<generatorID>A8EB8CE9-FE97-C736-CF05-3EAD00040C85</generatorID>
<ownerDesignName>modelo_final_dead_lock_lock_clin</ownerDesignName>
<engineerTo>
<item key="2D5BF5D2-EF61-D0AA-11B3-3BB16A417795" value="true"/>
</engineerTo>
<nullsAllowed>true</nullsAllowed>
<referedAttribute>02DC3712-9F87-833D-E3B6-83ECEFD1A4FC</referedAttribute>
<useDomainConstraints>false</useDomainConstraints>
<use>1</use>
<logicalDatatype>LOGDT011</logicalDatatype>
<ownDataTypeParameters>,,</ownDataTypeParameters>
</Attribute>
</attributes>
<identifiers itemClass="oracle.dbtools.crest.model.design.logical.CandidateKey">
<identifier id="6A60EF05-A5B1-26E6-2F0C-8CD08AAAA52D" name="CONVENIO PK">
<createdBy>Rodrigo</createdBy>
<createdTime>2015-09-30 22:02:17 UTC</createdTime>
<generatorID>Gerado pelo usuário</generatorID>
<ownerDesignName>modelo_final_dead_lock_lock_clin</ownerDesignName>
<shouldEngineer>false</shouldEngineer>
<engineerTo>
<item key="2D5BF5D2-EF61-D0AA-11B3-3BB16A417795" value="false"/>
</engineerTo>
<pk>true</pk>
<usedAttributes>
<attributeRef>EADF692F-C440-DD04-739D-C3B9CBCC437C</attributeRef>
</usedAttributes>
</identifier>
</identifiers>
</Entity>