<?xml version = '1.0' encoding = 'UTF-8'?>
<Entity class="oracle.dbtools.crest.model.design.logical.Entity" directorySegmentName="seg_0" id="44E67A0F-E61B-3B6E-A393-3E7FE31A2CBA" name="PROCEDIMENTO">
<createdBy>Rodrigo</createdBy>
<createdTime>2015-09-30 23:23:44 UTC</createdTime>
<comment>Tabela para controle do procedimento que sera feito no atendimento</comment>
<generatorID>Gerado pelo usuário</generatorID>
<ownerDesignName>modelo_final_dead_lock_lock_clin</ownerDesignName>
<adequatelyNormalized>NO</adequatelyNormalized>
<expectedVolumes>0</expectedVolumes>
<fwdEngineeringStrategyName>Single Table</fwdEngineeringStrategyName>
<growthPercent>0</growthPercent>
<growthType>Year</growthType>
<maxVolumes>9999999</maxVolumes>
<minVolumes>0</minVolumes>
<normalForm>Third</normalForm>
<shortName>prc</shortName>
<attributes itemClass="oracle.dbtools.crest.model.design.logical.Attribute">
<Attribute name="cd_procedimento" id="C5EF21F4-5D49-DBB8-CE1D-0EF9B7100795">
<createdBy>Rodrigo</createdBy>
<createdTime>2015-09-30 23:24:25 UTC</createdTime>
<comment>codigo do procedimento chave primaria</comment>
<generatorID>Gerado pelo usuário</generatorID>
<ownerDesignName>modelo_final_dead_lock_lock_clin</ownerDesignName>
<useDomainConstraints>false</useDomainConstraints>
<use>1</use>
<logicalDatatype>LOGDT011</logicalDatatype>
<ownDataTypeParameters>,,</ownDataTypeParameters>
</Attribute>
<Attribute name="nm_procedimento" id="42A30F3B-B729-1605-B20F-E7ECF9BE69DF">
<createdBy>Rodrigo</createdBy>
<createdTime>2015-09-30 23:24:46 UTC</createdTime>
<comment>Nome do procedimento</comment>
<generatorID>Gerado pelo usuário</generatorID>
<ownerDesignName>modelo_final_dead_lock_lock_clin</ownerDesignName>
<useDomainConstraints>false</useDomainConstraints>
<use>1</use>
<logicalDatatype>LOGDT024</logicalDatatype>
<dataTypeSize>100</dataTypeSize>
<ownDataTypeParameters>100,,</ownDataTypeParameters>
</Attribute>
<Attribute name="fl_hab_procedimento" id="4E01DB37-F045-743A-55F0-D19E8A8B0538">
<createdBy>Rodrigo</createdBy>
<createdTime>2015-09-30 23:25:04 UTC</createdTime>
<comment>Flag de habilitação da tabela procedimento</comment>
<generatorID>Gerado pelo usuário</generatorID>
<ownerDesignName>modelo_final_dead_lock_lock_clin</ownerDesignName>
<useDomainConstraints>false</useDomainConstraints>
<use>1</use>
<logicalDatatype>LOGDT006</logicalDatatype>
<dataTypeSize>2</dataTypeSize>
<ownDataTypeParameters>2,,</ownDataTypeParameters>
</Attribute>
<Attribute name="cd_prestador" id="5CA30D07-74DE-63A5-F16A-DA6202D635EA">
<createdBy>Rodrigo</createdBy>
<createdTime>2015-10-02 20:40:05 UTC</createdTime>
<comment>Codigo do prestador chave primaria</comment>
<generatorID>982802C4-11BF-DCD0-9573-FDB7A44C646C</generatorID>
<ownerDesignName>modelo_final_dead_lock_lock_clin</ownerDesignName>
<referedAttribute>98AFB825-3E06-9CB1-03C8-CF8BE257703A</referedAttribute>
<useDomainConstraints>false</useDomainConstraints>
<use>1</use>
<logicalDatatype>LOGDT011</logicalDatatype>
<ownDataTypeParameters>,,</ownDataTypeParameters>
</Attribute>
</attributes>
<identifiers itemClass="oracle.dbtools.crest.model.design.logical.CandidateKey">
<identifier id="48D4817D-0ED7-159F-8454-DAD4C78663A1" name="PROCEDIMENTO PK">
<createdBy>Rodrigo</createdBy>
<createdTime>2015-09-30 23:24:35 UTC</createdTime>
<generatorID>Gerado pelo usuário</generatorID>
<ownerDesignName>modelo_final_dead_lock_lock_clin</ownerDesignName>
<pk>true</pk>
<usedAttributes>
<attributeRef>C5EF21F4-5D49-DBB8-CE1D-0EF9B7100795</attributeRef>
</usedAttributes>
</identifier>
</identifiers>
</Entity>