<?xml version = '1.0' encoding = 'UTF-8'?>
<Entity class="oracle.dbtools.crest.model.design.logical.Entity" directorySegmentName="seg_0" id="570708F2-8D21-730C-3D90-24E4B165E9F4" name="TELEFONE">
<createdBy>Rodrigo</createdBy>
<createdTime>2015-10-02 20:24:14 UTC</createdTime>
<comment>Tabela para controle do telefone</comment>
<generatorID>Gerado pelo usuário</generatorID>
<ownerDesignName>modelo_final_dead_lock_lock_clin</ownerDesignName>
<engineerTo>
<item key="2D5BF5D2-EF61-D0AA-11B3-3BB16A417795" value="true"/>
</engineerTo>
<adequatelyNormalized>NO</adequatelyNormalized>
<expectedVolumes>0</expectedVolumes>
<fwdEngineeringStrategyName>Single Table</fwdEngineeringStrategyName>
<growthPercent>0</growthPercent>
<growthType>Year</growthType>
<maxVolumes>9999999</maxVolumes>
<minVolumes>0</minVolumes>
<normalForm>Third</normalForm>
<shortName>tel</shortName>
<attributes itemClass="oracle.dbtools.crest.model.design.logical.Attribute">
<Attribute name="cd_telefone" id="D7FBFD1F-F1A1-005F-8784-FBE002E71391">
<createdBy>Rodrigo</createdBy>
<createdTime>2015-10-02 20:24:37 UTC</createdTime>
<comment>Codigo do telefone</comment>
<generatorID>Gerado pelo usuário</generatorID>
<ownerDesignName>modelo_final_dead_lock_lock_clin</ownerDesignName>
<engineerTo>
<item key="2D5BF5D2-EF61-D0AA-11B3-3BB16A417795" value="true"/>
</engineerTo>
<useDomainConstraints>false</useDomainConstraints>
<use>1</use>
<logicalDatatype>LOGDT011</logicalDatatype>
<ownDataTypeParameters>,,</ownDataTypeParameters>
</Attribute>
<Attribute name="ddd_telefone" id="D934B7D3-307B-EBB2-2521-CAC1AC9CC488">
<createdBy>Rodrigo</createdBy>
<createdTime>2015-10-02 20:24:55 UTC</createdTime>
<comment>DDD do telefone</comment>
<generatorID>Gerado pelo usuário</generatorID>
<ownerDesignName>modelo_final_dead_lock_lock_clin</ownerDesignName>
<engineerTo>
<item key="2D5BF5D2-EF61-D0AA-11B3-3BB16A417795" value="true"/>
</engineerTo>
<useDomainConstraints>false</useDomainConstraints>
<use>1</use>
<logicalDatatype>LOGDT011</logicalDatatype>
<ownDataTypeParameters>,,</ownDataTypeParameters>
</Attribute>
<Attribute name="nu_telefone" id="EE2F61D1-269F-9D81-5052-7B6BEAB3CB6D">
<createdBy>Rodrigo</createdBy>
<createdTime>2015-10-02 20:25:15 UTC</createdTime>
<comment>Numero do Telefone</comment>
<generatorID>Gerado pelo usuário</generatorID>
<ownerDesignName>modelo_final_dead_lock_lock_clin</ownerDesignName>
<engineerTo>
<item key="2D5BF5D2-EF61-D0AA-11B3-3BB16A417795" value="true"/>
</engineerTo>
<useDomainConstraints>false</useDomainConstraints>
<use>1</use>
<logicalDatatype>LOGDT025</logicalDatatype>
<dataTypeSize>10</dataTypeSize>
<ownDataTypeParameters>10,,</ownDataTypeParameters>
</Attribute>
<Attribute name="tp_telefone" id="B960113F-F996-BF47-2CCF-6702DF62C98F">
<createdBy>Rodrigo</createdBy>
<createdTime>2015-10-02 20:25:59 UTC</createdTime>
<comment>Tipo do telefone, residencial , comercial</comment>
<generatorID>Gerado pelo usuário</generatorID>
<ownerDesignName>modelo_final_dead_lock_lock_clin</ownerDesignName>
<engineerTo>
<item key="2D5BF5D2-EF61-D0AA-11B3-3BB16A417795" value="true"/>
</engineerTo>
<use>0</use>
<logicalDatatype>LOGDT024</logicalDatatype>
<domain>9AC7AB51-6389-8A9C-3036-3FC0897CCE4D</domain>
<ownDataTypeParameters>,,</ownDataTypeParameters>
</Attribute>
<Attribute name="cd_pessoa" id="8D315770-642D-3475-3EA5-6AEEA861FBFD">
<createdBy>Rodrigo</createdBy>
<createdTime>2015-10-02 20:28:48 UTC</createdTime>
<comment>Codigo da pessoa , Chave primaria</comment>
<generatorID>FD629134-4233-CF8B-E5FA-414D100BCF39</generatorID>
<ownerDesignName>modelo_final_dead_lock_lock_clin</ownerDesignName>
<engineerTo>
<item key="2D5BF5D2-EF61-D0AA-11B3-3BB16A417795" value="true"/>
</engineerTo>
<referedAttribute>4A80B7DA-1BAC-EA91-B81A-C097F6540E01</referedAttribute>
<useDomainConstraints>false</useDomainConstraints>
<use>1</use>
<logicalDatatype>LOGDT011</logicalDatatype>
<ownDataTypeParameters>,,</ownDataTypeParameters>
</Attribute>
</attributes>
<identifiers itemClass="oracle.dbtools.crest.model.design.logical.CandidateKey">
<identifier id="A3447A4D-BAEE-B0B5-7D37-8E383712CECD" name="TELEFONE PK">
<createdBy>Rodrigo</createdBy>
<createdTime>2015-10-02 20:24:50 UTC</createdTime>
<generatorID>Gerado pelo usuário</generatorID>
<ownerDesignName>modelo_final_dead_lock_lock_clin</ownerDesignName>
<shouldEngineer>false</shouldEngineer>
<engineerTo>
<item key="2D5BF5D2-EF61-D0AA-11B3-3BB16A417795" value="false"/>
</engineerTo>
<pk>true</pk>
<usedAttributes>
<attributeRef>D7FBFD1F-F1A1-005F-8784-FBE002E71391</attributeRef>
</usedAttributes>
</identifier>
</identifiers>
</Entity>