<?xml version = '1.0' encoding = 'UTF-8'?>
<Entity class="oracle.dbtools.crest.model.design.logical.Entity" directorySegmentName="seg_0" id="7286889F-B930-5B88-079C-37C2FF56D6AC" name="CON_PRE">
<createdBy>Rodrigo</createdBy>
<createdTime>2015-09-30 22:21:13 UTC</createdTime>
<comment>Tabela para controle dos preços do convenio</comment>
<generatorID>Gerado pelo usuário</generatorID>
<ownerDesignName>modelo_final_dead_lock_lock_clin</ownerDesignName>
<engineerTo>
<item key="2D5BF5D2-EF61-D0AA-11B3-3BB16A417795" value="true"/>
</engineerTo>
<adequatelyNormalized>NO</adequatelyNormalized>
<expectedVolumes>0</expectedVolumes>
<fwdEngineeringStrategyName>Single Table</fwdEngineeringStrategyName>
<growthPercent>0</growthPercent>
<growthType>Year</growthType>
<maxVolumes>9999999</maxVolumes>
<minVolumes>0</minVolumes>
<normalForm>Third</normalForm>
<shortName>CONPREC</shortName>
<attributes itemClass="oracle.dbtools.crest.model.design.logical.Attribute">
<Attribute name="cd_con_pre" id="A651CF0B-7BD7-57DF-FA42-F3BAF9F47D06">
<createdBy>Rodrigo</createdBy>
<createdTime>2015-10-01 00:12:20 UTC</createdTime>
<comment>codigo do convenio preco chave primaria</comment>
<generatorID>Gerado pelo usuário</generatorID>
<ownerDesignName>modelo_final_dead_lock_lock_clin</ownerDesignName>
<engineerTo>
<item key="2D5BF5D2-EF61-D0AA-11B3-3BB16A417795" value="true"/>
</engineerTo>
<useDomainConstraints>false</useDomainConstraints>
<use>1</use>
<logicalDatatype>LOGDT011</logicalDatatype>
<ownDataTypeParameters>,,</ownDataTypeParameters>
</Attribute>
<Attribute name="nm_con_pre" id="85E8F102-CA24-5EC8-AB08-FD4FDCD83E27">
<createdBy>Rodrigo</createdBy>
<createdTime>2015-10-01 00:12:48 UTC</createdTime>
<comment>nome do convenio preco</comment>
<generatorID>Gerado pelo usuário</generatorID>
<ownerDesignName>modelo_final_dead_lock_lock_clin</ownerDesignName>
<engineerTo>
<item key="2D5BF5D2-EF61-D0AA-11B3-3BB16A417795" value="true"/>
</engineerTo>
<useDomainConstraints>false</useDomainConstraints>
<use>1</use>
<logicalDatatype>LOGDT024</logicalDatatype>
<dataTypeSize>100</dataTypeSize>
<ownDataTypeParameters>100,,</ownDataTypeParameters>
</Attribute>
<Attribute name="nu_tip_con_pre" id="5F4DFE18-9CC1-B31B-02F9-F3C67B1F5380">
<createdBy>Rodrigo</createdBy>
<createdTime>2015-10-01 00:13:14 UTC</createdTime>
<comment>numero do tip convenio preco</comment>
<generatorID>Gerado pelo usuário</generatorID>
<ownerDesignName>modelo_final_dead_lock_lock_clin</ownerDesignName>
<engineerTo>
<item key="2D5BF5D2-EF61-D0AA-11B3-3BB16A417795" value="true"/>
</engineerTo>
<useDomainConstraints>false</useDomainConstraints>
<use>1</use>
<logicalDatatype>LOGDT024</logicalDatatype>
<dataTypeSize>100</dataTypeSize>
<ownDataTypeParameters>100,,</ownDataTypeParameters>
</Attribute>
<Attribute name="fl_hab_con_pre" id="FCD888B2-9ECF-67B5-28E9-3CFD86D6E3F8">
<createdBy>Rodrigo</createdBy>
<createdTime>2015-10-01 00:13:42 UTC</createdTime>
<comment>flag habilitar tabela convenio preco</comment>
<generatorID>Gerado pelo usuário</generatorID>
<ownerDesignName>modelo_final_dead_lock_lock_clin</ownerDesignName>
<engineerTo>
<item key="2D5BF5D2-EF61-D0AA-11B3-3BB16A417795" value="true"/>
</engineerTo>
<useDomainConstraints>false</useDomainConstraints>
<use>1</use>
<logicalDatatype>LOGDT006</logicalDatatype>
<dataTypeSize>2</dataTypeSize>
<ownDataTypeParameters>2,,</ownDataTypeParameters>
</Attribute>
<Attribute name="cd_plano" id="99D26FBC-A3B7-7FEE-C6F2-390F4E2EFD3F">
<createdBy>Rodrigo</createdBy>
<createdTime>2015-10-01 00:14:37 UTC</createdTime>
<comment>Codigo do plano chave primaria</comment>
<generatorID>0DF37324-5EE4-720C-3081-439ABFFC4B69</generatorID>
<ownerDesignName>modelo_final_dead_lock_lock_clin</ownerDesignName>
<engineerTo>
<item key="2D5BF5D2-EF61-D0AA-11B3-3BB16A417795" value="true"/>
</engineerTo>
<referedAttribute>A73E88F3-3FCB-D94F-9B38-1F713BD726B7</referedAttribute>
<useDomainConstraints>false</useDomainConstraints>
<use>1</use>
<logicalDatatype>LOGDT011</logicalDatatype>
<ownDataTypeParameters>,,</ownDataTypeParameters>
</Attribute>
</attributes>
<identifiers itemClass="oracle.dbtools.crest.model.design.logical.CandidateKey">
<identifier id="8C5ACB6C-9B1E-3E40-FC1B-2F8042142DBE" name="CONVENIO_PRECO PK">
<createdBy>Rodrigo</createdBy>
<createdTime>2015-10-01 00:12:30 UTC</createdTime>
<generatorID>Gerado pelo usuário</generatorID>
<ownerDesignName>modelo_final_dead_lock_lock_clin</ownerDesignName>
<shouldEngineer>false</shouldEngineer>
<engineerTo>
<item key="2D5BF5D2-EF61-D0AA-11B3-3BB16A417795" value="false"/>
</engineerTo>
<pk>true</pk>
<usedAttributes>
<attributeRef>A651CF0B-7BD7-57DF-FA42-F3BAF9F47D06</attributeRef>
</usedAttributes>
</identifier>
</identifiers>
</Entity>