<?xml version = '1.0' encoding = 'UTF-8'?>
<Entity class="oracle.dbtools.crest.model.design.logical.Entity" directorySegmentName="seg_0" id="7EFF480F-0D79-5C13-829A-BC2409A379F4" name="ORIG_PACI">
<createdBy>Rodrigo</createdBy>
<createdTime>2015-10-01 00:21:53 UTC</createdTime>
<comment>Tabela para controle da origem do paciente, da onde ele veio , qual meio de comunicação usou</comment>
<generatorID>Gerado pelo usuário</generatorID>
<ownerDesignName>modelo_final_dead_lock_lock_clin</ownerDesignName>
<adequatelyNormalized>NO</adequatelyNormalized>
<expectedVolumes>0</expectedVolumes>
<fwdEngineeringStrategyName>Single Table</fwdEngineeringStrategyName>
<growthPercent>0</growthPercent>
<growthType>Year</growthType>
<maxVolumes>9999999</maxVolumes>
<minVolumes>0</minVolumes>
<normalForm>Third</normalForm>
<shortName>ORPAC</shortName>
<attributes itemClass="oracle.dbtools.crest.model.design.logical.Attribute">
<Attribute name="cd_orig_paci" id="DF761711-B997-7786-A3D8-DE29280F9DF3">
<createdBy>Rodrigo</createdBy>
<createdTime>2015-10-01 00:22:29 UTC</createdTime>
<comment>codigo da origem do paciente chave primaria</comment>
<generatorID>Gerado pelo usuário</generatorID>
<ownerDesignName>modelo_final_dead_lock_lock_clin</ownerDesignName>
<useDomainConstraints>false</useDomainConstraints>
<use>1</use>
<logicalDatatype>LOGDT011</logicalDatatype>
<ownDataTypeParameters>,,</ownDataTypeParameters>
</Attribute>
<Attribute name="ds_ori_paci" id="589E132D-9C71-C7F2-7408-B6CC3F9E4D55">
<createdBy>Rodrigo</createdBy>
<createdTime>2015-10-01 00:22:58 UTC</createdTime>
<comment>Descrição da origem do paciente , onde encontrou a clinica, qual meio utilizou</comment>
<generatorID>Gerado pelo usuário</generatorID>
<ownerDesignName>modelo_final_dead_lock_lock_clin</ownerDesignName>
<useDomainConstraints>false</useDomainConstraints>
<use>1</use>
<logicalDatatype>LOGDT024</logicalDatatype>
<dataTypeSize>200</dataTypeSize>
<ownDataTypeParameters>200,,</ownDataTypeParameters>
</Attribute>
<Attribute name="cd_paciente" id="F779032E-4F5C-8154-9C05-4797F2B4DCE8">
<createdBy>Rodrigo</createdBy>
<createdTime>2015-10-02 21:25:02 UTC</createdTime>
<comment>Chave Primária do Paciente</comment>
<generatorID>36B9315C-F7D2-5326-ECD5-B3D958AD2280</generatorID>
<ownerDesignName>modelo_final_dead_lock_lock_clin</ownerDesignName>
<referedAttribute>CCCDC267-6C14-D208-C69A-A6D53E16A75F</referedAttribute>
<useDomainConstraints>false</useDomainConstraints>
<use>1</use>
<logicalDatatype>LOGDT011</logicalDatatype>
<ownDataTypeParameters>,,</ownDataTypeParameters>
</Attribute>
</attributes>
<identifiers itemClass="oracle.dbtools.crest.model.design.logical.CandidateKey">
<identifier id="5E8391AA-DB45-761C-D5CE-0BE7E3056530" name="ORIG_PACI PK">
<createdBy>Rodrigo</createdBy>
<createdTime>2015-10-01 00:22:41 UTC</createdTime>
<generatorID>Gerado pelo usuário</generatorID>
<ownerDesignName>modelo_final_dead_lock_lock_clin</ownerDesignName>
<pk>true</pk>
<newElementsIDs>DF761711-B997-7786-A3D8-DE29280F9DF3</newElementsIDs>
<usedAttributes>
<attributeRef>DF761711-B997-7786-A3D8-DE29280F9DF3</attributeRef>
</usedAttributes>
</identifier>
</identifiers>
</Entity>