<?xml version = '1.0' encoding = 'UTF-8'?>
<Entity class="oracle.dbtools.crest.model.design.logical.Entity" directorySegmentName="seg_0" id="7FCBAB41-9DB2-D002-0F3E-314CF1764FEA" name="UNID_ATEN">
<createdBy>Rodrigo</createdBy>
<createdTime>2015-09-30 21:17:31 UTC</createdTime>
<comment>Tabela para controlarmos a unidade de atendimento/ filiais</comment>
<generatorID>Gerado pelo usuário</generatorID>
<ownerDesignName>modelo_final_dead_lock_lock_clin</ownerDesignName>
<engineerTo>
<item key="2D5BF5D2-EF61-D0AA-11B3-3BB16A417795" value="true"/>
</engineerTo>
<adequatelyNormalized>NO</adequatelyNormalized>
<expectedVolumes>0</expectedVolumes>
<fwdEngineeringStrategyName>Single Table</fwdEngineeringStrategyName>
<growthPercent>0</growthPercent>
<growthType>Year</growthType>
<maxVolumes>9999999</maxVolumes>
<minVolumes>0</minVolumes>
<normalForm>Third</normalForm>
<shortName>UA</shortName>
<attributes itemClass="oracle.dbtools.crest.model.design.logical.Attribute">
<Attribute name="cd_ua" id="02DC3712-9F87-833D-E3B6-83ECEFD1A4FC">
<createdBy>Rodrigo</createdBy>
<createdTime>2015-09-30 21:18:26 UTC</createdTime>
<comment>Chave Primária da Unidade de Atendimento</comment>
<generatorID>Gerado pelo usuário</generatorID>
<ownerDesignName>modelo_final_dead_lock_lock_clin</ownerDesignName>
<engineerTo>
<item key="2D5BF5D2-EF61-D0AA-11B3-3BB16A417795" value="true"/>
</engineerTo>
<useDomainConstraints>false</useDomainConstraints>
<use>1</use>
<logicalDatatype>LOGDT011</logicalDatatype>
<ownDataTypeParameters>,,</ownDataTypeParameters>
</Attribute>
<Attribute name="nm_ua" id="EE711B5D-BBAB-0BB0-9435-CC1E6B9CBD46">
<createdBy>Rodrigo</createdBy>
<createdTime>2015-09-30 21:18:44 UTC</createdTime>
<comment>Nome da Unidade de Atendimento</comment>
<generatorID>Gerado pelo usuário</generatorID>
<ownerDesignName>modelo_final_dead_lock_lock_clin</ownerDesignName>
<engineerTo>
<item key="2D5BF5D2-EF61-D0AA-11B3-3BB16A417795" value="true"/>
</engineerTo>
<useDomainConstraints>false</useDomainConstraints>
<use>1</use>
<logicalDatatype>LOGDT024</logicalDatatype>
<dataTypeSize>60</dataTypeSize>
<ownDataTypeParameters>60,,</ownDataTypeParameters>
</Attribute>
<Attribute name="ab_ua" id="52296483-1523-76DC-F681-7E8A597A96BB">
<createdBy>Rodrigo</createdBy>
<createdTime>2015-09-30 21:19:04 UTC</createdTime>
<comment>Abreviatura da Unidade de Atendimento</comment>
<generatorID>Gerado pelo usuário</generatorID>
<ownerDesignName>modelo_final_dead_lock_lock_clin</ownerDesignName>
<engineerTo>
<item key="2D5BF5D2-EF61-D0AA-11B3-3BB16A417795" value="true"/>
</engineerTo>
<useDomainConstraints>false</useDomainConstraints>
<use>1</use>
<logicalDatatype>LOGDT024</logicalDatatype>
<dataTypeSize>30</dataTypeSize>
<ownDataTypeParameters>30,,</ownDataTypeParameters>
</Attribute>
<Attribute name="ob_ua" id="91A0D352-CBB4-4004-E43B-86F30051003C">
<createdBy>Rodrigo</createdBy>
<createdTime>2015-09-30 21:19:53 UTC</createdTime>
<comment>Observações da Unidade de Atendimento</comment>
<generatorID>Gerado pelo usuário</generatorID>
<ownerDesignName>modelo_final_dead_lock_lock_clin</ownerDesignName>
<engineerTo>
<item key="2D5BF5D2-EF61-D0AA-11B3-3BB16A417795" value="true"/>
</engineerTo>
<useDomainConstraints>false</useDomainConstraints>
<use>1</use>
<logicalDatatype>LOGDT024</logicalDatatype>
<dataTypeSize>200</dataTypeSize>
<ownDataTypeParameters>200,,</ownDataTypeParameters>
</Attribute>
<Attribute name="hf_ua" id="406013AB-4616-984B-7287-4DE7640F1D69">
<createdBy>Rodrigo</createdBy>
<createdTime>2015-09-30 21:20:34 UTC</createdTime>
<comment>Horario de Funcionamento da Unidade de Atendimento</comment>
<generatorID>Gerado pelo usuário</generatorID>
<ownerDesignName>modelo_final_dead_lock_lock_clin</ownerDesignName>
<engineerTo>
<item key="2D5BF5D2-EF61-D0AA-11B3-3BB16A417795" value="true"/>
</engineerTo>
<useDomainConstraints>false</useDomainConstraints>
<use>1</use>
<logicalDatatype>LOGDT007</logicalDatatype>
<ownDataTypeParameters>,,</ownDataTypeParameters>
</Attribute>
<Attribute name="nu_cns_ua" id="48211D64-D0E8-F000-C9EF-CD420017770F">
<createdBy>Rodrigo</createdBy>
<createdTime>2015-09-30 21:21:00 UTC</createdTime>
<comment>Número de CNES da unidade de atendimento</comment>
<generatorID>Gerado pelo usuário</generatorID>
<ownerDesignName>modelo_final_dead_lock_lock_clin</ownerDesignName>
<engineerTo>
<item key="2D5BF5D2-EF61-D0AA-11B3-3BB16A417795" value="true"/>
</engineerTo>
<useDomainConstraints>false</useDomainConstraints>
<use>1</use>
<logicalDatatype>LOGDT025</logicalDatatype>
<dataTypeSize>14</dataTypeSize>
<ownDataTypeParameters>14,,</ownDataTypeParameters>
</Attribute>
<Attribute name="nu_ins_ua" id="F00ED384-8BF1-1ED8-CD4A-1DDF44D6279A">
<createdBy>Rodrigo</createdBy>
<createdTime>2015-09-30 21:21:58 UTC</createdTime>
<comment>Número de Inscrição Municipal da Unidade de Atendimento</comment>
<generatorID>Gerado pelo usuário</generatorID>
<ownerDesignName>modelo_final_dead_lock_lock_clin</ownerDesignName>
<engineerTo>
<item key="2D5BF5D2-EF61-D0AA-11B3-3BB16A417795" value="true"/>
</engineerTo>
<useDomainConstraints>false</useDomainConstraints>
<use>1</use>
<logicalDatatype>LOGDT025</logicalDatatype>
<dataTypeSize>7</dataTypeSize>
<ownDataTypeParameters>7,,</ownDataTypeParameters>
</Attribute>
<Attribute name="nu_cnp_ua" id="41719D4C-5CC6-6FD2-DB23-1A7B60B7BB05">
<createdBy>Rodrigo</createdBy>
<createdTime>2015-09-30 21:22:32 UTC</createdTime>
<comment>Número de CNPJ da Unidade de Atendimento</comment>
<generatorID>Gerado pelo usuário</generatorID>
<ownerDesignName>modelo_final_dead_lock_lock_clin</ownerDesignName>
<engineerTo>
<item key="2D5BF5D2-EF61-D0AA-11B3-3BB16A417795" value="true"/>
</engineerTo>
<useDomainConstraints>false</useDomainConstraints>
<use>1</use>
<logicalDatatype>LOGDT025</logicalDatatype>
<dataTypeSize>14</dataTypeSize>
<ownDataTypeParameters>14,,</ownDataTypeParameters>
</Attribute>
<Attribute name="fl_hab_ua" id="7CE3DF7F-C70D-6E5A-329C-0E1D11ABC557">
<createdBy>Rodrigo</createdBy>
<createdTime>2015-09-30 21:23:03 UTC</createdTime>
<generatorID>Gerado pelo usuário</generatorID>
<ownerDesignName>modelo_final_dead_lock_lock_clin</ownerDesignName>
<engineerTo>
<item key="2D5BF5D2-EF61-D0AA-11B3-3BB16A417795" value="true"/>
</engineerTo>
<useDomainConstraints>false</useDomainConstraints>
<use>1</use>
<logicalDatatype>LOGDT006</logicalDatatype>
<dataTypeSize>2</dataTypeSize>
<ownDataTypeParameters>2,,</ownDataTypeParameters>
</Attribute>
<Attribute name="cd_empresa" id="E65DB4D7-B764-F908-B098-A3A27F1D30B2">
<createdBy>Rodrigo</createdBy>
<createdTime>2015-09-30 22:22:53 UTC</createdTime>
<comment>Chave Primária da Empresa</comment>
<generatorID>CFE5F8D2-9634-8FC6-019A-34E4064BB056</generatorID>
<ownerDesignName>modelo_final_dead_lock_lock_clin</ownerDesignName>
<engineerTo>
<item key="2D5BF5D2-EF61-D0AA-11B3-3BB16A417795" value="true"/>
</engineerTo>
<referedAttribute>260468E6-EF9B-0FFF-F8FF-BC65C121AAA4</referedAttribute>
<useDomainConstraints>false</useDomainConstraints>
<use>1</use>
<logicalDatatype>LOGDT011</logicalDatatype>
<ownDataTypeParameters>,,</ownDataTypeParameters>
</Attribute>
</attributes>
<identifiers itemClass="oracle.dbtools.crest.model.design.logical.CandidateKey">
<identifier id="233D50FE-CFD8-A881-B626-02EADF4E1A2E" name="Unidade_Atendimento PK">
<createdBy>Rodrigo</createdBy>
<createdTime>2015-09-30 21:18:34 UTC</createdTime>
<generatorID>Gerado pelo usuário</generatorID>
<ownerDesignName>modelo_final_dead_lock_lock_clin</ownerDesignName>
<shouldEngineer>false</shouldEngineer>
<engineerTo>
<item key="2D5BF5D2-EF61-D0AA-11B3-3BB16A417795" value="false"/>
</engineerTo>
<pk>true</pk>
<usedAttributes>
<attributeRef>02DC3712-9F87-833D-E3B6-83ECEFD1A4FC</attributeRef>
</usedAttributes>
</identifier>
</identifiers>
</Entity>