<?xml version = '1.0' encoding = 'UTF-8'?>
<Entity class="oracle.dbtools.crest.model.design.logical.Entity" directorySegmentName="seg_0" id="849413F9-F8FD-08A9-66ED-0D064CEEBD18" name="ATENDIMENTO">
<createdBy>Rodrigo</createdBy>
<createdTime>2015-09-30 23:21:32 UTC</createdTime>
<comment>Tabela para controle do atendimento</comment>
<generatorID>Gerado pelo usuário</generatorID>
<ownerDesignName>modelo_final_dead_lock_lock_clin</ownerDesignName>
<engineerTo>
<item key="2D5BF5D2-EF61-D0AA-11B3-3BB16A417795" value="true"/>
</engineerTo>
<adequatelyNormalized>NO</adequatelyNormalized>
<expectedVolumes>0</expectedVolumes>
<fwdEngineeringStrategyName>Single Table</fwdEngineeringStrategyName>
<growthPercent>0</growthPercent>
<growthType>Year</growthType>
<maxVolumes>9999999</maxVolumes>
<minVolumes>0</minVolumes>
<normalForm>Third</normalForm>
<shortName>ATEN</shortName>
<attributes itemClass="oracle.dbtools.crest.model.design.logical.Attribute">
<Attribute name="cd_atendimento" id="EF79BD2D-420E-FFD7-2BC1-268114934C22">
<createdBy>Rodrigo</createdBy>
<createdTime>2015-09-30 23:21:49 UTC</createdTime>
<comment>Codigo do atendimento chave primária</comment>
<generatorID>Gerado pelo usuário</generatorID>
<ownerDesignName>modelo_final_dead_lock_lock_clin</ownerDesignName>
<engineerTo>
<item key="2D5BF5D2-EF61-D0AA-11B3-3BB16A417795" value="true"/>
</engineerTo>
<useDomainConstraints>false</useDomainConstraints>
<use>1</use>
<logicalDatatype>LOGDT011</logicalDatatype>
<ownDataTypeParameters>,,</ownDataTypeParameters>
</Attribute>
<Attribute name="dt_atendimento" id="C0FEF45D-46C7-F149-573B-7488DFCE2E35">
<createdBy>Rodrigo</createdBy>
<createdTime>2015-09-30 23:22:19 UTC</createdTime>
<comment>data do atendimento</comment>
<generatorID>Gerado pelo usuário</generatorID>
<ownerDesignName>modelo_final_dead_lock_lock_clin</ownerDesignName>
<engineerTo>
<item key="2D5BF5D2-EF61-D0AA-11B3-3BB16A417795" value="true"/>
</engineerTo>
<useDomainConstraints>false</useDomainConstraints>
<use>1</use>
<logicalDatatype>LOGDT007</logicalDatatype>
<ownDataTypeParameters>,,</ownDataTypeParameters>
</Attribute>
<Attribute name="qt_prc_atendimento" id="C052BD27-B452-AF93-492F-945FD3AF510C">
<createdBy>Rodrigo</createdBy>
<createdTime>2015-09-30 23:22:57 UTC</createdTime>
<comment>quantidade de procedimentos do atendimento</comment>
<generatorID>Gerado pelo usuário</generatorID>
<ownerDesignName>modelo_final_dead_lock_lock_clin</ownerDesignName>
<engineerTo>
<item key="2D5BF5D2-EF61-D0AA-11B3-3BB16A417795" value="true"/>
</engineerTo>
<useDomainConstraints>false</useDomainConstraints>
<use>1</use>
<logicalDatatype>LOGDT025</logicalDatatype>
<dataTypeSize>3</dataTypeSize>
<ownDataTypeParameters>3,,</ownDataTypeParameters>
</Attribute>
<Attribute name="cd_procedimento" id="2EB480AF-972E-1B53-4A78-709F397C7F92">
<createdBy>Rodrigo</createdBy>
<createdTime>2015-09-30 23:25:51 UTC</createdTime>
<comment>codigo do procedimento chave primaria</comment>
<generatorID>40158141-32C5-F997-95B4-B90694AEE2CE</generatorID>
<ownerDesignName>modelo_final_dead_lock_lock_clin</ownerDesignName>
<engineerTo>
<item key="2D5BF5D2-EF61-D0AA-11B3-3BB16A417795" value="true"/>
</engineerTo>
<referedAttribute>C5EF21F4-5D49-DBB8-CE1D-0EF9B7100795</referedAttribute>
<useDomainConstraints>false</useDomainConstraints>
<use>1</use>
<logicalDatatype>LOGDT011</logicalDatatype>
<ownDataTypeParameters>,,</ownDataTypeParameters>
</Attribute>
<Attribute name="cd_paciente" id="7CC5CF31-89EF-CE55-6D6D-2E3482B80BF2">
<createdBy>Rodrigo</createdBy>
<createdTime>2015-09-30 23:57:26 UTC</createdTime>
<comment>Chave Primária do Paciente</comment>
<generatorID>4165BF61-FDAD-571D-958A-0845EF629F60</generatorID>
<ownerDesignName>modelo_final_dead_lock_lock_clin</ownerDesignName>
<engineerTo>
<item key="2D5BF5D2-EF61-D0AA-11B3-3BB16A417795" value="true"/>
</engineerTo>
<nullsAllowed>true</nullsAllowed>
<referedAttribute>CCCDC267-6C14-D208-C69A-A6D53E16A75F</referedAttribute>
<useDomainConstraints>false</useDomainConstraints>
<use>1</use>
<logicalDatatype>LOGDT011</logicalDatatype>
<ownDataTypeParameters>,,</ownDataTypeParameters>
</Attribute>
</attributes>
<identifiers itemClass="oracle.dbtools.crest.model.design.logical.CandidateKey">
<identifier id="38CC036F-543C-7341-6E36-40A57D7F5BB4" name="ATENDIMENTO PK">
<createdBy>Rodrigo</createdBy>
<createdTime>2015-09-30 23:22:01 UTC</createdTime>
<generatorID>Gerado pelo usuário</generatorID>
<ownerDesignName>modelo_final_dead_lock_lock_clin</ownerDesignName>
<shouldEngineer>false</shouldEngineer>
<engineerTo>
<item key="2D5BF5D2-EF61-D0AA-11B3-3BB16A417795" value="false"/>
</engineerTo>
<pk>true</pk>
<usedAttributes>
<attributeRef>EF79BD2D-420E-FFD7-2BC1-268114934C22</attributeRef>
</usedAttributes>
</identifier>
</identifiers>
</Entity>