<?xml version = '1.0' encoding = 'UTF-8'?>
<Entity class="oracle.dbtools.crest.model.design.logical.Entity" directorySegmentName="seg_0" id="8A509394-E8D7-B23C-7A16-51FC58AD6119" name="PAIS">
<createdBy>Rodrigo</createdBy>
<createdTime>2015-09-30 22:38:17 UTC</createdTime>
<comment>tabela para controle do pais</comment>
<ownerDesignName>modelo_final_dead_lock_lock_clin</ownerDesignName>
<engineerTo>
<item key="2D5BF5D2-EF61-D0AA-11B3-3BB16A417795" value="true"/>
</engineerTo>
<adequatelyNormalized>NO</adequatelyNormalized>
<expectedVolumes>0</expectedVolumes>
<fwdEngineeringStrategyName>Single Table</fwdEngineeringStrategyName>
<growthPercent>0</growthPercent>
<growthType>Year</growthType>
<maxVolumes>9999999</maxVolumes>
<minVolumes>0</minVolumes>
<normalForm>Third</normalForm>
<attributes itemClass="oracle.dbtools.crest.model.design.logical.Attribute">
<Attribute name="cd_pais" id="0C5D9FD0-297A-6C64-B799-F5D408092CD2">
<createdBy>Rodrigo</createdBy>
<createdTime>2015-09-30 22:38:17 UTC</createdTime>
<comment>codigo do pais</comment>
<generatorID>Gerado pelo usuário</generatorID>
<ownerDesignName>modelo_final_dead_lock_lock_clin</ownerDesignName>
<shouldEngineer>false</shouldEngineer>
<importedID>3592C89B-3D65-7D7E-074B-13076AD68386</importedID>
<engineerTo>
<item key="2D5BF5D2-EF61-D0AA-11B3-3BB16A417795" value="false"/>
</engineerTo>
<useDomainConstraints>false</useDomainConstraints>
<use>1</use>
<logicalDatatype>LOGDT011</logicalDatatype>
<ownDataTypeParameters>,,</ownDataTypeParameters>
</Attribute>
<Attribute name="nm_pais" id="5AA942EF-3622-67A8-C253-6D2D1606A1C9">
<createdBy>Rodrigo</createdBy>
<createdTime>2015-09-30 22:38:17 UTC</createdTime>
<comment>nome do pais</comment>
<generatorID>Gerado pelo usuário</generatorID>
<ownerDesignName>modelo_final_dead_lock_lock_clin</ownerDesignName>
<shouldEngineer>false</shouldEngineer>
<importedID>4CE5271A-2CAC-0745-844A-B7DC130FBECD</importedID>
<engineerTo>
<item key="2D5BF5D2-EF61-D0AA-11B3-3BB16A417795" value="false"/>
</engineerTo>
<useDomainConstraints>false</useDomainConstraints>
<use>1</use>
<logicalDatatype>LOGDT024</logicalDatatype>
<dataTypeSize>100</dataTypeSize>
<ownDataTypeParameters>100,,</ownDataTypeParameters>
</Attribute>
</attributes>
<identifiers itemClass="oracle.dbtools.crest.model.design.logical.CandidateKey">
<identifier id="9EF2DD93-5621-231D-3B0F-A433FE7E6C1C" name="PAIS PK">
<createdBy>Rodrigo</createdBy>
<createdTime>2015-09-30 22:38:17 UTC</createdTime>
<ownerDesignName>modelo_final_dead_lock_lock_clin</ownerDesignName>
<engineerTo>
<item key="2D5BF5D2-EF61-D0AA-11B3-3BB16A417795" value="true"/>
</engineerTo>
<pk>true</pk>
<usedAttributes>
<attributeRef>0C5D9FD0-297A-6C64-B799-F5D408092CD2</attributeRef>
</usedAttributes>
</identifier>
</identifiers>
</Entity>