<?xml version = '1.0' encoding = 'UTF-8'?>
<Entity class="oracle.dbtools.crest.model.design.logical.Entity" directorySegmentName="seg_0" id="8ABD6F52-777D-4BA6-0E7C-2FF7BA72D3D5" name="PLAN_CON">
<createdBy>Rodrigo</createdBy>
<createdTime>2015-09-30 22:13:16 UTC</createdTime>
<generatorID>Gerado pelo usuário</generatorID>
<ownerDesignName>modelo_final_dead_lock_lock_clin</ownerDesignName>
<engineerTo>
<item key="2D5BF5D2-EF61-D0AA-11B3-3BB16A417795" value="true"/>
</engineerTo>
<adequatelyNormalized>NO</adequatelyNormalized>
<expectedVolumes>0</expectedVolumes>
<fwdEngineeringStrategyName>Single Table</fwdEngineeringStrategyName>
<growthPercent>0</growthPercent>
<growthType>Year</growthType>
<maxVolumes>9999999</maxVolumes>
<minVolumes>0</minVolumes>
<normalForm>Third</normalForm>
<shortName>plcon</shortName>
<attributes itemClass="oracle.dbtools.crest.model.design.logical.Attribute">
<Attribute name="cd_plano" id="A73E88F3-3FCB-D94F-9B38-1F713BD726B7">
<createdBy>Rodrigo</createdBy>
<createdTime>2015-09-30 22:13:49 UTC</createdTime>
<comment>Codigo do plano chave primaria</comment>
<generatorID>Gerado pelo usuário</generatorID>
<ownerDesignName>modelo_final_dead_lock_lock_clin</ownerDesignName>
<engineerTo>
<item key="2D5BF5D2-EF61-D0AA-11B3-3BB16A417795" value="true"/>
</engineerTo>
<useDomainConstraints>false</useDomainConstraints>
<use>1</use>
<logicalDatatype>LOGDT011</logicalDatatype>
<ownDataTypeParameters>,,</ownDataTypeParameters>
</Attribute>
<Attribute name="nm_plano" id="C0BB627A-E82D-F9CA-0B5F-B6602C7BFAD3">
<createdBy>Rodrigo</createdBy>
<createdTime>2015-09-30 22:14:18 UTC</createdTime>
<comment>Nome do plano do convenio</comment>
<generatorID>Gerado pelo usuário</generatorID>
<ownerDesignName>modelo_final_dead_lock_lock_clin</ownerDesignName>
<engineerTo>
<item key="2D5BF5D2-EF61-D0AA-11B3-3BB16A417795" value="true"/>
</engineerTo>
<useDomainConstraints>false</useDomainConstraints>
<use>1</use>
<logicalDatatype>LOGDT024</logicalDatatype>
<dataTypeSize>100</dataTypeSize>
<ownDataTypeParameters>100,,</ownDataTypeParameters>
</Attribute>
<Attribute name="nu_per_prc_plano" id="D64ABE12-D325-9C83-9CE0-2DCDB0E7433C">
<createdBy>Rodrigo</createdBy>
<createdTime>2015-09-30 22:14:37 UTC</createdTime>
<comment>Numero de Percentual do preço Plano</comment>
<generatorID>Gerado pelo usuário</generatorID>
<ownerDesignName>modelo_final_dead_lock_lock_clin</ownerDesignName>
<engineerTo>
<item key="2D5BF5D2-EF61-D0AA-11B3-3BB16A417795" value="true"/>
</engineerTo>
<useDomainConstraints>false</useDomainConstraints>
<use>1</use>
<logicalDatatype>LOGDT019</logicalDatatype>
<dataTypePrecision>5</dataTypePrecision>
<dataTypeScale>2</dataTypeScale>
<ownDataTypeParameters>,5,2</ownDataTypeParameters>
</Attribute>
<Attribute name="fl_hab_plano" id="C1789F93-1C10-5F14-4A96-E3C5F6D0BDF0">
<createdBy>Rodrigo</createdBy>
<createdTime>2015-09-30 22:16:49 UTC</createdTime>
<comment>Flag de habilitação do plano</comment>
<generatorID>Gerado pelo usuário</generatorID>
<ownerDesignName>modelo_final_dead_lock_lock_clin</ownerDesignName>
<engineerTo>
<item key="2D5BF5D2-EF61-D0AA-11B3-3BB16A417795" value="true"/>
</engineerTo>
<useDomainConstraints>false</useDomainConstraints>
<use>1</use>
<logicalDatatype>LOGDT006</logicalDatatype>
<dataTypeSize>2</dataTypeSize>
<ownDataTypeParameters>2,,</ownDataTypeParameters>
</Attribute>
<Attribute name="cd_convenio" id="803CDD1F-560E-54C7-C827-7C1DF26FCE00">
<createdBy>Rodrigo</createdBy>
<createdTime>2015-09-30 22:24:14 UTC</createdTime>
<comment>Codigo do Convenio Chave Primaria</comment>
<generatorID>9F83050B-3D7E-BABC-A413-F82507F7865F</generatorID>
<ownerDesignName>modelo_final_dead_lock_lock_clin</ownerDesignName>
<engineerTo>
<item key="2D5BF5D2-EF61-D0AA-11B3-3BB16A417795" value="true"/>
</engineerTo>
<referedAttribute>EADF692F-C440-DD04-739D-C3B9CBCC437C</referedAttribute>
<useDomainConstraints>false</useDomainConstraints>
<use>1</use>
<logicalDatatype>LOGDT011</logicalDatatype>
<ownDataTypeParameters>,,</ownDataTypeParameters>
</Attribute>
<Attribute name="cd_con_pre" id="16D57A76-B93F-439A-0A60-B792FC2F71E7">
<createdBy>Rodrigo</createdBy>
<createdTime>2015-10-01 00:14:56 UTC</createdTime>
<comment>codigo do convenio preco chave primaria</comment>
<generatorID>0DF37324-5EE4-720C-3081-439ABFFC4B69</generatorID>
<ownerDesignName>modelo_final_dead_lock_lock_clin</ownerDesignName>
<engineerTo>
<item key="2D5BF5D2-EF61-D0AA-11B3-3BB16A417795" value="true"/>
</engineerTo>
<referedAttribute>A651CF0B-7BD7-57DF-FA42-F3BAF9F47D06</referedAttribute>
<useDomainConstraints>false</useDomainConstraints>
<use>1</use>
<logicalDatatype>LOGDT011</logicalDatatype>
<ownDataTypeParameters>,,</ownDataTypeParameters>
</Attribute>
</attributes>
<identifiers itemClass="oracle.dbtools.crest.model.design.logical.CandidateKey">
<identifier id="0FB64E2B-284D-6108-8F23-BA624DF2F90B" name="PLANO_CONVENIO PK">
<createdBy>Rodrigo</createdBy>
<createdTime>2015-09-30 22:14:01 UTC</createdTime>
<generatorID>Gerado pelo usuário</generatorID>
<ownerDesignName>modelo_final_dead_lock_lock_clin</ownerDesignName>
<shouldEngineer>false</shouldEngineer>
<engineerTo>
<item key="2D5BF5D2-EF61-D0AA-11B3-3BB16A417795" value="false"/>
</engineerTo>
<pk>true</pk>
<usedAttributes>
<attributeRef>A73E88F3-3FCB-D94F-9B38-1F713BD726B7</attributeRef>
</usedAttributes>
</identifier>
</identifiers>
</Entity>