<?xml version = '1.0' encoding = 'UTF-8'?>
<Entity class="oracle.dbtools.crest.model.design.logical.Entity" directorySegmentName="seg_0" id="9E52D45C-6FFB-02C2-6320-3A9B16D83CB9" name="MEDICO">
<createdBy>Rodrigo</createdBy>
<createdTime>2015-09-30 21:24:50 UTC</createdTime>
<comment>Tabela para controle dos medicos da unidade de atendimento</comment>
<generatorID>Gerado pelo usuário</generatorID>
<ownerDesignName>modelo_final_dead_lock_lock_clin</ownerDesignName>
<adequatelyNormalized>NO</adequatelyNormalized>
<expectedVolumes>0</expectedVolumes>
<fwdEngineeringStrategyName>Single Table</fwdEngineeringStrategyName>
<growthPercent>0</growthPercent>
<growthType>Year</growthType>
<maxVolumes>9999999</maxVolumes>
<minVolumes>0</minVolumes>
<normalForm>Third</normalForm>
<shortName>MED</shortName>
<attributes itemClass="oracle.dbtools.crest.model.design.logical.Attribute">
<Attribute name="nu_crm_medico" id="56B797B9-9D70-6224-B3EE-F8E7372FEDBE">
<createdBy>Rodrigo</createdBy>
<createdTime>2015-09-30 21:28:35 UTC</createdTime>
<comment>Numero do crm do médico Chave Primária</comment>
<generatorID>Gerado pelo usuário</generatorID>
<ownerDesignName>modelo_final_dead_lock_lock_clin</ownerDesignName>
<useDomainConstraints>false</useDomainConstraints>
<use>1</use>
<logicalDatatype>LOGDT025</logicalDatatype>
<dataTypeSize>5</dataTypeSize>
<ownDataTypeParameters>5,,</ownDataTypeParameters>
</Attribute>
<Attribute name="cd_medico" id="EF090408-9A18-ED7D-7DD5-427060E0E2AB">
<createdBy>Rodrigo</createdBy>
<createdTime>2015-09-30 21:28:35 UTC</createdTime>
<comment>Codigo do Médico Usado para identificação</comment>
<generatorID>Gerado pelo usuário</generatorID>
<ownerDesignName>modelo_final_dead_lock_lock_clin</ownerDesignName>
<useDomainConstraints>false</useDomainConstraints>
<use>1</use>
<logicalDatatype>LOGDT011</logicalDatatype>
<ownDataTypeParameters>,,</ownDataTypeParameters>
</Attribute>
<Attribute name="fl_hab_medico" id="D74981DA-CFAE-7934-DA8C-A35A29DC9088">
<createdBy>Rodrigo</createdBy>
<createdTime>2015-09-30 21:49:37 UTC</createdTime>
<comment>Flag de Habilitação da Tabela Médico</comment>
<generatorID>Gerado pelo usuário</generatorID>
<ownerDesignName>modelo_final_dead_lock_lock_clin</ownerDesignName>
<useDomainConstraints>false</useDomainConstraints>
<use>1</use>
<logicalDatatype>LOGDT006</logicalDatatype>
<dataTypeSize>2</dataTypeSize>
<ownDataTypeParameters>2,,</ownDataTypeParameters>
</Attribute>
<Attribute name="cd_pessoa" id="4C15EAED-EF35-89F8-2A86-4B84BF1F4551">
<createdBy>Rodrigo</createdBy>
<createdTime>2015-10-02 20:36:37 UTC</createdTime>
<comment>Codigo da pessoa , Chave primaria</comment>
<generatorID>306D28C3-30BC-6F86-78F4-F4295B5CA8E4</generatorID>
<ownerDesignName>modelo_final_dead_lock_lock_clin</ownerDesignName>
<referedAttribute>4A80B7DA-1BAC-EA91-B81A-C097F6540E01</referedAttribute>
<useDomainConstraints>false</useDomainConstraints>
<use>1</use>
<logicalDatatype>LOGDT011</logicalDatatype>
<ownDataTypeParameters>,,</ownDataTypeParameters>
</Attribute>
<Attribute name="cd_prestador" id="C9216406-8A6E-2DAC-7DAA-AEB5DA54FA10">
<createdBy>Rodrigo</createdBy>
<createdTime>2015-10-02 20:39:43 UTC</createdTime>
<comment>Codigo do prestador chave primaria</comment>
<generatorID>7588783C-CEE3-FA8A-44CA-8138B4F68C3B</generatorID>
<ownerDesignName>modelo_final_dead_lock_lock_clin</ownerDesignName>
<referedAttribute>98AFB825-3E06-9CB1-03C8-CF8BE257703A</referedAttribute>
<useDomainConstraints>false</useDomainConstraints>
<use>1</use>
<logicalDatatype>LOGDT011</logicalDatatype>
<ownDataTypeParameters>,,</ownDataTypeParameters>
</Attribute>
</attributes>
<identifiers itemClass="oracle.dbtools.crest.model.design.logical.CandidateKey">
<identifier id="EC45A138-2F8B-12B0-BE60-207625A9BA9F" name="MEDICO PK">
<createdBy>Rodrigo</createdBy>
<createdTime>2015-09-30 21:50:05 UTC</createdTime>
<generatorID>Gerado pelo usuário</generatorID>
<ownerDesignName>modelo_final_dead_lock_lock_clin</ownerDesignName>
<pk>true</pk>
<usedAttributes>
<attributeRef>56B797B9-9D70-6224-B3EE-F8E7372FEDBE</attributeRef>
</usedAttributes>
</identifier>
</identifiers>
</Entity>