<?xml version = '1.0' encoding = 'UTF-8'?>
<Entity class="oracle.dbtools.crest.model.design.logical.Entity" directorySegmentName="seg_0" id="A68F7510-E75A-E04E-175F-980A50738FD5" name="PRESTADOR">
<createdBy>Rodrigo</createdBy>
<createdTime>2015-10-02 20:30:47 UTC</createdTime>
<comment>Tabela para controle do prestador</comment>
<generatorID>Gerado pelo usuário</generatorID>
<ownerDesignName>modelo_final_dead_lock_lock_clin</ownerDesignName>
<engineerTo>
<item key="2D5BF5D2-EF61-D0AA-11B3-3BB16A417795" value="true"/>
</engineerTo>
<adequatelyNormalized>NO</adequatelyNormalized>
<expectedVolumes>0</expectedVolumes>
<fwdEngineeringStrategyName>Single Table</fwdEngineeringStrategyName>
<growthPercent>0</growthPercent>
<growthType>Year</growthType>
<maxVolumes>9999999</maxVolumes>
<minVolumes>0</minVolumes>
<normalForm>Third</normalForm>
<shortName>prest</shortName>
<attributes itemClass="oracle.dbtools.crest.model.design.logical.Attribute">
<Attribute name="cd_prestador" id="98AFB825-3E06-9CB1-03C8-CF8BE257703A">
<createdBy>Rodrigo</createdBy>
<createdTime>2015-10-02 20:31:08 UTC</createdTime>
<comment>Codigo do prestador chave primaria</comment>
<generatorID>Gerado pelo usuário</generatorID>
<ownerDesignName>modelo_final_dead_lock_lock_clin</ownerDesignName>
<engineerTo>
<item key="2D5BF5D2-EF61-D0AA-11B3-3BB16A417795" value="true"/>
</engineerTo>
<useDomainConstraints>false</useDomainConstraints>
<use>1</use>
<logicalDatatype>LOGDT011</logicalDatatype>
<ownDataTypeParameters>,,</ownDataTypeParameters>
</Attribute>
<Attribute name="nm_prestador" id="E8896B76-2A42-0F7E-94A9-B8198E89CF44">
<createdBy>Rodrigo</createdBy>
<createdTime>2015-10-02 20:31:09 UTC</createdTime>
<comment>Nome do prestador, apelido</comment>
<generatorID>Gerado pelo usuário</generatorID>
<ownerDesignName>modelo_final_dead_lock_lock_clin</ownerDesignName>
<engineerTo>
<item key="2D5BF5D2-EF61-D0AA-11B3-3BB16A417795" value="true"/>
</engineerTo>
<useDomainConstraints>false</useDomainConstraints>
<use>1</use>
<logicalDatatype>LOGDT024</logicalDatatype>
<dataTypeSize>40</dataTypeSize>
<ownDataTypeParameters>40,,</ownDataTypeParameters>
</Attribute>
<Attribute name="ds_fun_prestador" id="B2172957-7B74-74EE-310F-EC3EF9ACC9BE">
<createdBy>Rodrigo</createdBy>
<createdTime>2015-10-02 20:31:09 UTC</createdTime>
<comment>função do prestador</comment>
<generatorID>Gerado pelo usuário</generatorID>
<ownerDesignName>modelo_final_dead_lock_lock_clin</ownerDesignName>
<engineerTo>
<item key="2D5BF5D2-EF61-D0AA-11B3-3BB16A417795" value="true"/>
</engineerTo>
<useDomainConstraints>false</useDomainConstraints>
<use>1</use>
<logicalDatatype>LOGDT024</logicalDatatype>
<dataTypeSize>100</dataTypeSize>
<ownDataTypeParameters>100,,</ownDataTypeParameters>
</Attribute>
<Attribute name="nu_crm_medico" id="4F3A3B0E-B77E-FE6F-1A60-951FBEE030F7">
<createdBy>Rodrigo</createdBy>
<createdTime>2015-10-02 20:39:33 UTC</createdTime>
<comment>Numero do crm do médico Chave Primária</comment>
<generatorID>7588783C-CEE3-FA8A-44CA-8138B4F68C3B</generatorID>
<ownerDesignName>modelo_final_dead_lock_lock_clin</ownerDesignName>
<engineerTo>
<item key="2D5BF5D2-EF61-D0AA-11B3-3BB16A417795" value="true"/>
</engineerTo>
<referedAttribute>56B797B9-9D70-6224-B3EE-F8E7372FEDBE</referedAttribute>
<useDomainConstraints>false</useDomainConstraints>
<use>1</use>
<logicalDatatype>LOGDT025</logicalDatatype>
<dataTypeSize>5</dataTypeSize>
<ownDataTypeParameters>5,,</ownDataTypeParameters>
</Attribute>
</attributes>
<identifiers itemClass="oracle.dbtools.crest.model.design.logical.CandidateKey">
<identifier id="45CBBCF1-BB6C-6848-8779-E7EE047651A4" name="PRESTADOR PK">
<createdBy>Rodrigo</createdBy>
<createdTime>2015-10-02 20:31:19 UTC</createdTime>
<generatorID>Gerado pelo usuário</generatorID>
<ownerDesignName>modelo_final_dead_lock_lock_clin</ownerDesignName>
<shouldEngineer>false</shouldEngineer>
<engineerTo>
<item key="2D5BF5D2-EF61-D0AA-11B3-3BB16A417795" value="false"/>
</engineerTo>
<pk>true</pk>
<usedAttributes>
<attributeRef>98AFB825-3E06-9CB1-03C8-CF8BE257703A</attributeRef>
</usedAttributes>
</identifier>
</identifiers>
</Entity>