<?xml version = '1.0' encoding = 'UTF-8'?>
<Entity class="oracle.dbtools.crest.model.design.logical.Entity" directorySegmentName="seg_0" id="B61FA335-86D9-2469-FF8E-E636907A19C8" name="ESTADO">
<createdBy>Rodrigo</createdBy>
<createdTime>2015-09-30 22:38:17 UTC</createdTime>
<comment>tabela para controle do estado</comment>
<ownerDesignName>modelo_final_dead_lock_lock_clin</ownerDesignName>
<engineerTo>
<item key="2D5BF5D2-EF61-D0AA-11B3-3BB16A417795" value="true"/>
</engineerTo>
<adequatelyNormalized>NO</adequatelyNormalized>
<expectedVolumes>0</expectedVolumes>
<fwdEngineeringStrategyName>Single Table</fwdEngineeringStrategyName>
<growthPercent>0</growthPercent>
<growthType>Year</growthType>
<maxVolumes>9999999</maxVolumes>
<minVolumes>0</minVolumes>
<normalForm>Third</normalForm>
<attributes itemClass="oracle.dbtools.crest.model.design.logical.Attribute">
<Attribute name="cd_estado" id="D683357E-8275-E2A6-F12F-7F751C957CB5">
<createdBy>Rodrigo</createdBy>
<createdTime>2015-09-30 22:38:17 UTC</createdTime>
<comment>codigo do estado</comment>
<generatorID>Gerado pelo usuário</generatorID>
<ownerDesignName>modelo_final_dead_lock_lock_clin</ownerDesignName>
<shouldEngineer>false</shouldEngineer>
<importedID>33090CD6-8FEB-5BD2-620B-FD78AA5E2D7B</importedID>
<engineerTo>
<item key="2D5BF5D2-EF61-D0AA-11B3-3BB16A417795" value="false"/>
</engineerTo>
<useDomainConstraints>false</useDomainConstraints>
<use>1</use>
<logicalDatatype>LOGDT011</logicalDatatype>
<ownDataTypeParameters>,,</ownDataTypeParameters>
</Attribute>
<Attribute name="nm_estado" id="E5275EBB-D03B-21C9-99CD-E911D3D7B6B2">
<createdBy>Rodrigo</createdBy>
<createdTime>2015-09-30 22:38:17 UTC</createdTime>
<comment>nome do estado</comment>
<generatorID>Gerado pelo usuário</generatorID>
<ownerDesignName>modelo_final_dead_lock_lock_clin</ownerDesignName>
<shouldEngineer>false</shouldEngineer>
<importedID>21ECBA75-54BA-1AB4-74CF-1CEB601F2B78</importedID>
<engineerTo>
<item key="2D5BF5D2-EF61-D0AA-11B3-3BB16A417795" value="false"/>
</engineerTo>
<useDomainConstraints>false</useDomainConstraints>
<use>1</use>
<logicalDatatype>LOGDT024</logicalDatatype>
<dataTypeSize>80</dataTypeSize>
<ownDataTypeParameters>80,,</ownDataTypeParameters>
</Attribute>
<Attribute name="sg_estado" id="630F52A6-5961-61B7-D6E8-7C0C86135BAB">
<createdBy>Rodrigo</createdBy>
<createdTime>2015-09-30 22:38:17 UTC</createdTime>
<comment>sigla do estado</comment>
<generatorID>Gerado pelo usuário</generatorID>
<ownerDesignName>modelo_final_dead_lock_lock_clin</ownerDesignName>
<shouldEngineer>false</shouldEngineer>
<importedID>95EBDFFD-940E-C4B5-7A53-D033FA50CA26</importedID>
<engineerTo>
<item key="2D5BF5D2-EF61-D0AA-11B3-3BB16A417795" value="false"/>
</engineerTo>
<useDomainConstraints>false</useDomainConstraints>
<use>1</use>
<logicalDatatype>LOGDT025</logicalDatatype>
<dataTypeSize>2</dataTypeSize>
<ownDataTypeParameters>2,,</ownDataTypeParameters>
</Attribute>
<Attribute name="cd_pais" id="F1940495-95FA-8CB1-9F8E-CD4178F52B9E">
<createdBy>Rodrigo</createdBy>
<createdTime>2015-09-30 22:38:17 UTC</createdTime>
<comment>codigo do pais</comment>
<generatorID>DC708B5F-95C0-139B-1DFC-1EF4CBF5CFB7</generatorID>
<ownerDesignName>modelo_final_dead_lock_lock_clin</ownerDesignName>
<importedID>DD330B7D-20B7-CF15-E849-6EBE5447EA77</importedID>
<engineerTo>
<item key="2D5BF5D2-EF61-D0AA-11B3-3BB16A417795" value="true"/>
</engineerTo>
<referedAttribute>0C5D9FD0-297A-6C64-B799-F5D408092CD2</referedAttribute>
<useDomainConstraints>false</useDomainConstraints>
<use>1</use>
<logicalDatatype>LOGDT011</logicalDatatype>
<dataTypePrecision>3</dataTypePrecision>
<ownDataTypeParameters>,3,</ownDataTypeParameters>
</Attribute>
</attributes>
<identifiers itemClass="oracle.dbtools.crest.model.design.logical.CandidateKey">
<identifier id="10267B3D-3524-9A63-E7C3-2C56EA176D9B" name="ESTADO PK">
<createdBy>Rodrigo</createdBy>
<createdTime>2015-09-30 22:38:17 UTC</createdTime>
<ownerDesignName>modelo_final_dead_lock_lock_clin</ownerDesignName>
<engineerTo>
<item key="2D5BF5D2-EF61-D0AA-11B3-3BB16A417795" value="true"/>
</engineerTo>
<pk>true</pk>
<usedAttributes>
<attributeRef>D683357E-8275-E2A6-F12F-7F751C957CB5</attributeRef>
</usedAttributes>
</identifier>
</identifiers>
</Entity>