<?xml version = '1.0' encoding = 'UTF-8'?>
<Entity class="oracle.dbtools.crest.model.design.logical.Entity" directorySegmentName="seg_0" id="BAC71F1C-829F-52D3-A1C0-09E60C8BDBC6" name="USUARIO">
<createdBy>Rodrigo</createdBy>
<createdTime>2015-10-02 20:41:32 UTC</createdTime>
<comment>Tabela para controle do usuario</comment>
<generatorID>Gerado pelo usuário</generatorID>
<ownerDesignName>modelo_final_dead_lock_lock_clin</ownerDesignName>
<engineerTo>
<item key="2D5BF5D2-EF61-D0AA-11B3-3BB16A417795" value="true"/>
</engineerTo>
<adequatelyNormalized>NO</adequatelyNormalized>
<expectedVolumes>0</expectedVolumes>
<fwdEngineeringStrategyName>Single Table</fwdEngineeringStrategyName>
<growthPercent>0</growthPercent>
<growthType>Year</growthType>
<maxVolumes>9999999</maxVolumes>
<minVolumes>0</minVolumes>
<normalForm>Third</normalForm>
<shortName>usua</shortName>
<attributes itemClass="oracle.dbtools.crest.model.design.logical.Attribute">
<Attribute name="cd_usuario" id="806863B5-FF95-5F25-0930-62D469FF21F5">
<createdBy>Rodrigo</createdBy>
<createdTime>2015-10-02 20:41:49 UTC</createdTime>
<comment>Codigo do usuario, chave primaria</comment>
<generatorID>Gerado pelo usuário</generatorID>
<ownerDesignName>modelo_final_dead_lock_lock_clin</ownerDesignName>
<engineerTo>
<item key="2D5BF5D2-EF61-D0AA-11B3-3BB16A417795" value="true"/>
</engineerTo>
<useDomainConstraints>false</useDomainConstraints>
<use>1</use>
<logicalDatatype>LOGDT011</logicalDatatype>
<ownDataTypeParameters>,,</ownDataTypeParameters>
</Attribute>
<Attribute name="nm_log_usuario" id="AEF02E5C-D2FC-A654-30DC-2044E08722A1">
<createdBy>Rodrigo</createdBy>
<createdTime>2015-10-02 20:42:08 UTC</createdTime>
<comment>Nome de login do usuario</comment>
<generatorID>Gerado pelo usuário</generatorID>
<ownerDesignName>modelo_final_dead_lock_lock_clin</ownerDesignName>
<engineerTo>
<item key="2D5BF5D2-EF61-D0AA-11B3-3BB16A417795" value="true"/>
</engineerTo>
<useDomainConstraints>false</useDomainConstraints>
<use>1</use>
<logicalDatatype>LOGDT024</logicalDatatype>
<dataTypeSize>50</dataTypeSize>
<ownDataTypeParameters>50,,</ownDataTypeParameters>
</Attribute>
<Attribute name="nu_sen_usuario" id="F94B3CF3-C9F2-75E6-6B8C-83E8836FBFAA">
<createdBy>Rodrigo</createdBy>
<createdTime>2015-10-02 20:42:30 UTC</createdTime>
<comment>Numero da senha do usuario</comment>
<generatorID>Gerado pelo usuário</generatorID>
<ownerDesignName>modelo_final_dead_lock_lock_clin</ownerDesignName>
<engineerTo>
<item key="2D5BF5D2-EF61-D0AA-11B3-3BB16A417795" value="true"/>
</engineerTo>
<useDomainConstraints>false</useDomainConstraints>
<use>1</use>
<logicalDatatype>LOGDT025</logicalDatatype>
<dataTypeSize>8</dataTypeSize>
<ownDataTypeParameters>8,,</ownDataTypeParameters>
</Attribute>
<Attribute name="cd_pessoa" id="97114ED6-EEE4-41EB-5B99-E82B95C79F43">
<createdBy>Rodrigo</createdBy>
<createdTime>2015-10-02 20:43:45 UTC</createdTime>
<comment>Codigo da pessoa , Chave primaria</comment>
<generatorID>DD59AFC1-AC2C-1645-CF82-66465C92E3AF</generatorID>
<ownerDesignName>modelo_final_dead_lock_lock_clin</ownerDesignName>
<engineerTo>
<item key="2D5BF5D2-EF61-D0AA-11B3-3BB16A417795" value="true"/>
</engineerTo>
<referedAttribute>4A80B7DA-1BAC-EA91-B81A-C097F6540E01</referedAttribute>
<useDomainConstraints>false</useDomainConstraints>
<use>1</use>
<logicalDatatype>LOGDT011</logicalDatatype>
<ownDataTypeParameters>,,</ownDataTypeParameters>
</Attribute>
</attributes>
<identifiers itemClass="oracle.dbtools.crest.model.design.logical.CandidateKey">
<identifier id="EC1CF12D-E3B5-C12D-30D9-73623AECBC5F" name="USUARIO PK">
<createdBy>Rodrigo</createdBy>
<createdTime>2015-10-02 20:41:59 UTC</createdTime>
<generatorID>Gerado pelo usuário</generatorID>
<ownerDesignName>modelo_final_dead_lock_lock_clin</ownerDesignName>
<shouldEngineer>false</shouldEngineer>
<engineerTo>
<item key="2D5BF5D2-EF61-D0AA-11B3-3BB16A417795" value="false"/>
</engineerTo>
<pk>true</pk>
<usedAttributes>
<attributeRef>806863B5-FF95-5F25-0930-62D469FF21F5</attributeRef>
</usedAttributes>
</identifier>
</identifiers>
</Entity>