<?xml version = '1.0' encoding = 'UTF-8'?>
<Entity class="oracle.dbtools.crest.model.design.logical.Entity" directorySegmentName="seg_0" id="C7C3BEB5-99A3-2B63-45F3-27FD05C17936" name="AGENDAMENTO">
<createdBy>Rodrigo</createdBy>
<createdTime>2015-09-30 22:46:02 UTC</createdTime>
<comment>Tabela de controle do agendamento</comment>
<generatorID>Gerado pelo usuário</generatorID>
<ownerDesignName>modelo_final_dead_lock_lock_clin</ownerDesignName>
<engineerTo>
<item key="2D5BF5D2-EF61-D0AA-11B3-3BB16A417795" value="true"/>
</engineerTo>
<adequatelyNormalized>NO</adequatelyNormalized>
<expectedVolumes>0</expectedVolumes>
<fwdEngineeringStrategyName>Single Table</fwdEngineeringStrategyName>
<growthPercent>0</growthPercent>
<growthType>Year</growthType>
<maxVolumes>9999999</maxVolumes>
<minVolumes>0</minVolumes>
<normalForm>Third</normalForm>
<shortName>agend</shortName>
<attributes itemClass="oracle.dbtools.crest.model.design.logical.Attribute">
<Attribute name="cd_agendamento" id="BEA3BE9A-1B70-754B-57A1-948B922567E4">
<createdBy>Rodrigo</createdBy>
<createdTime>2015-09-30 22:46:30 UTC</createdTime>
<comment>codigo do agendamento</comment>
<generatorID>Gerado pelo usuário</generatorID>
<ownerDesignName>modelo_final_dead_lock_lock_clin</ownerDesignName>
<engineerTo>
<item key="2D5BF5D2-EF61-D0AA-11B3-3BB16A417795" value="true"/>
</engineerTo>
<useDomainConstraints>false</useDomainConstraints>
<use>1</use>
<logicalDatatype>LOGDT011</logicalDatatype>
<ownDataTypeParameters>,,</ownDataTypeParameters>
</Attribute>
<Attribute name="dt_agendamento" id="23D7C103-1483-7EBF-0DB6-1BF1138894B6">
<createdBy>Rodrigo</createdBy>
<createdTime>2015-09-30 22:46:48 UTC</createdTime>
<comment>data do agendamento</comment>
<generatorID>Gerado pelo usuário</generatorID>
<ownerDesignName>modelo_final_dead_lock_lock_clin</ownerDesignName>
<engineerTo>
<item key="2D5BF5D2-EF61-D0AA-11B3-3BB16A417795" value="true"/>
</engineerTo>
<useDomainConstraints>false</useDomainConstraints>
<use>1</use>
<logicalDatatype>LOGDT007</logicalDatatype>
<ownDataTypeParameters>,,</ownDataTypeParameters>
</Attribute>
<Attribute name="nm_prc_agendamento" id="CA9CEA31-2B2A-99B8-3A61-522CF511A418">
<createdBy>Rodrigo</createdBy>
<createdTime>2015-09-30 22:47:36 UTC</createdTime>
<comment>nome do procedimento do agendamento</comment>
<generatorID>Gerado pelo usuário</generatorID>
<ownerDesignName>modelo_final_dead_lock_lock_clin</ownerDesignName>
<engineerTo>
<item key="2D5BF5D2-EF61-D0AA-11B3-3BB16A417795" value="true"/>
</engineerTo>
<useDomainConstraints>false</useDomainConstraints>
<use>1</use>
<logicalDatatype>LOGDT024</logicalDatatype>
<dataTypeSize>100</dataTypeSize>
<ownDataTypeParameters>100,,</ownDataTypeParameters>
</Attribute>
<Attribute name="ds_obs_agendamento" id="4230E808-D502-C943-8A35-B96D7DD45399">
<createdBy>Rodrigo</createdBy>
<createdTime>2015-09-30 22:48:22 UTC</createdTime>
<comment>descrição de observação do agendamento</comment>
<generatorID>Gerado pelo usuário</generatorID>
<ownerDesignName>modelo_final_dead_lock_lock_clin</ownerDesignName>
<engineerTo>
<item key="2D5BF5D2-EF61-D0AA-11B3-3BB16A417795" value="true"/>
</engineerTo>
<useDomainConstraints>false</useDomainConstraints>
<use>1</use>
<logicalDatatype>LOGDT024</logicalDatatype>
<dataTypeSize>300</dataTypeSize>
<ownDataTypeParameters>300,,</ownDataTypeParameters>
</Attribute>
<Attribute name="cd_agenda" id="79125186-83E1-EA14-AEF2-79B19FF744D6">
<createdBy>Rodrigo</createdBy>
<createdTime>2015-09-30 23:18:23 UTC</createdTime>
<comment>Codigo da agenda chave primaria</comment>
<generatorID>DCDFC4D6-1BEF-0E60-26D5-59BF7D61AC55</generatorID>
<ownerDesignName>modelo_final_dead_lock_lock_clin</ownerDesignName>
<engineerTo>
<item key="2D5BF5D2-EF61-D0AA-11B3-3BB16A417795" value="true"/>
</engineerTo>
<referedAttribute>B2CF1690-07A3-81B8-24F9-2F16EF460646</referedAttribute>
<useDomainConstraints>false</useDomainConstraints>
<use>1</use>
<logicalDatatype>LOGDT011</logicalDatatype>
<ownDataTypeParameters>,,</ownDataTypeParameters>
</Attribute>
<Attribute name="cd_atendimento" id="DA107591-009B-0BC3-593C-BB8E4E71CEFC">
<createdBy>Rodrigo</createdBy>
<createdTime>2015-09-30 23:58:49 UTC</createdTime>
<comment>Codigo do atendimento chave primária</comment>
<generatorID>8538143F-8128-232F-48A7-7436E5747358</generatorID>
<ownerDesignName>modelo_final_dead_lock_lock_clin</ownerDesignName>
<engineerTo>
<item key="2D5BF5D2-EF61-D0AA-11B3-3BB16A417795" value="true"/>
</engineerTo>
<referedAttribute>EF79BD2D-420E-FFD7-2BC1-268114934C22</referedAttribute>
<useDomainConstraints>false</useDomainConstraints>
<use>1</use>
<logicalDatatype>LOGDT011</logicalDatatype>
<ownDataTypeParameters>,,</ownDataTypeParameters>
</Attribute>
</attributes>
<identifiers itemClass="oracle.dbtools.crest.model.design.logical.CandidateKey">
<identifier id="0B9AD11A-9B13-3092-25EA-E9ED0D6D8B95" name="AGENDAMENTO PK">
<createdBy>Rodrigo</createdBy>
<createdTime>2015-09-30 22:46:40 UTC</createdTime>
<generatorID>Gerado pelo usuário</generatorID>
<ownerDesignName>modelo_final_dead_lock_lock_clin</ownerDesignName>
<shouldEngineer>false</shouldEngineer>
<engineerTo>
<item key="2D5BF5D2-EF61-D0AA-11B3-3BB16A417795" value="false"/>
</engineerTo>
<pk>true</pk>
<usedAttributes>
<attributeRef>BEA3BE9A-1B70-754B-57A1-948B922567E4</attributeRef>
</usedAttributes>
</identifier>
</identifiers>
</Entity>