<?xml version = '1.0' encoding = 'UTF-8'?>
<Entity class="oracle.dbtools.crest.model.design.logical.Entity" directorySegmentName="seg_0" id="F73B21E4-E66D-65B9-BD22-2DECCE2669C8" name="PESSOA">
<createdBy>Rodrigo</createdBy>
<createdTime>2015-09-30 22:26:18 UTC</createdTime>
<comment>Tabela para controle de pessoa , onde atribuimos tudo desde paciente e medicos</comment>
<generatorID>Gerado pelo usuário</generatorID>
<ownerDesignName>modelo_final_dead_lock_lock_clin</ownerDesignName>
<engineerTo>
<item key="2D5BF5D2-EF61-D0AA-11B3-3BB16A417795" value="true"/>
</engineerTo>
<adequatelyNormalized>NO</adequatelyNormalized>
<expectedVolumes>0</expectedVolumes>
<fwdEngineeringStrategyName>Single Table</fwdEngineeringStrategyName>
<growthPercent>0</growthPercent>
<growthType>Year</growthType>
<maxVolumes>9999999</maxVolumes>
<minVolumes>0</minVolumes>
<normalForm>Third</normalForm>
<shortName>pess</shortName>
<attributes itemClass="oracle.dbtools.crest.model.design.logical.Attribute">
<Attribute name="cd_pessoa" id="4A80B7DA-1BAC-EA91-B81A-C097F6540E01">
<createdBy>Rodrigo</createdBy>
<createdTime>2015-09-30 22:26:53 UTC</createdTime>
<comment>Codigo da pessoa , Chave primaria</comment>
<generatorID>Gerado pelo usuário</generatorID>
<ownerDesignName>modelo_final_dead_lock_lock_clin</ownerDesignName>
<engineerTo>
<item key="2D5BF5D2-EF61-D0AA-11B3-3BB16A417795" value="true"/>
</engineerTo>
<useDomainConstraints>false</useDomainConstraints>
<use>1</use>
<logicalDatatype>LOGDT011</logicalDatatype>
<ownDataTypeParameters>,,</ownDataTypeParameters>
</Attribute>
<Attribute name="nm_pessoa" id="154BF765-3D4D-B6B4-00AC-22224299B569">
<createdBy>Rodrigo</createdBy>
<createdTime>2015-09-30 22:28:30 UTC</createdTime>
<comment>Nome da Pessoa</comment>
<generatorID>Gerado pelo usuário</generatorID>
<ownerDesignName>modelo_final_dead_lock_lock_clin</ownerDesignName>
<engineerTo>
<item key="2D5BF5D2-EF61-D0AA-11B3-3BB16A417795" value="true"/>
</engineerTo>
<useDomainConstraints>false</useDomainConstraints>
<use>1</use>
<logicalDatatype>LOGDT024</logicalDatatype>
<dataTypeSize>100</dataTypeSize>
<ownDataTypeParameters>100,,</ownDataTypeParameters>
</Attribute>
<Attribute name="dt_nas_pessoa" id="A834EC7C-9ED8-863E-732A-97AD569C018C">
<createdBy>Rodrigo</createdBy>
<createdTime>2015-09-30 22:28:46 UTC</createdTime>
<comment>data de nascimento da pessoa</comment>
<generatorID>Gerado pelo usuário</generatorID>
<ownerDesignName>modelo_final_dead_lock_lock_clin</ownerDesignName>
<engineerTo>
<item key="2D5BF5D2-EF61-D0AA-11B3-3BB16A417795" value="true"/>
</engineerTo>
<useDomainConstraints>false</useDomainConstraints>
<use>1</use>
<logicalDatatype>LOGDT007</logicalDatatype>
<ownDataTypeParameters>,,</ownDataTypeParameters>
</Attribute>
<Attribute name="ds_sex_pessoa" id="3F8B7AF9-9124-95AF-C33C-1479D3A063B8">
<createdBy>Rodrigo</createdBy>
<createdTime>2015-09-30 22:29:10 UTC</createdTime>
<comment>Sexo da pessoa</comment>
<generatorID>Gerado pelo usuário</generatorID>
<ownerDesignName>modelo_final_dead_lock_lock_clin</ownerDesignName>
<engineerTo>
<item key="2D5BF5D2-EF61-D0AA-11B3-3BB16A417795" value="true"/>
</engineerTo>
<use>0</use>
<logicalDatatype>LOGDT025</logicalDatatype>
<domain>F3FB3592-B5CF-37FA-2589-CBBE071BF156</domain>
<ownDataTypeParameters>,,</ownDataTypeParameters>
</Attribute>
<Attribute name="nu_rg_pessoa" id="F063F57E-2F02-B608-B77C-44A2ABAF5BFA">
<createdBy>Rodrigo</createdBy>
<createdTime>2015-09-30 22:29:34 UTC</createdTime>
<comment>Numero de RG da pessoa</comment>
<generatorID>Gerado pelo usuário</generatorID>
<ownerDesignName>modelo_final_dead_lock_lock_clin</ownerDesignName>
<engineerTo>
<item key="2D5BF5D2-EF61-D0AA-11B3-3BB16A417795" value="true"/>
</engineerTo>
<useDomainConstraints>false</useDomainConstraints>
<use>1</use>
<logicalDatatype>LOGDT025</logicalDatatype>
<dataTypeSize>12</dataTypeSize>
<ownDataTypeParameters>12,,</ownDataTypeParameters>
</Attribute>
<Attribute name="nu_cpf_pessoa" id="7AF3AEA2-2B51-D8A5-92B3-E923817CC165">
<createdBy>Rodrigo</createdBy>
<createdTime>2015-09-30 22:31:14 UTC</createdTime>
<generatorID>Gerado pelo usuário</generatorID>
<ownerDesignName>modelo_final_dead_lock_lock_clin</ownerDesignName>
<engineerTo>
<item key="2D5BF5D2-EF61-D0AA-11B3-3BB16A417795" value="true"/>
</engineerTo>
<useDomainConstraints>false</useDomainConstraints>
<use>1</use>
<logicalDatatype>LOGDT025</logicalDatatype>
<dataTypeSize>14</dataTypeSize>
<ownDataTypeParameters>14,,</ownDataTypeParameters>
</Attribute>
<Attribute name="dt_cad_pessoa" id="28021665-1E6B-D123-E08B-E96C1991CA25">
<createdBy>Rodrigo</createdBy>
<createdTime>2015-09-30 22:33:19 UTC</createdTime>
<comment>Data de registro da pessoa</comment>
<generatorID>Gerado pelo usuário</generatorID>
<ownerDesignName>modelo_final_dead_lock_lock_clin</ownerDesignName>
<engineerTo>
<item key="2D5BF5D2-EF61-D0AA-11B3-3BB16A417795" value="true"/>
</engineerTo>
<useDomainConstraints>false</useDomainConstraints>
<use>1</use>
<logicalDatatype>LOGDT007</logicalDatatype>
<ownDataTypeParameters>,,</ownDataTypeParameters>
</Attribute>
<Attribute name="ds_obs_pessoa" id="F11B86A2-5E79-8AE7-B63A-144F2E5390BD">
<createdBy>Rodrigo</createdBy>
<createdTime>2015-09-30 22:33:35 UTC</createdTime>
<comment>Observações sobre a pessoa</comment>
<generatorID>Gerado pelo usuário</generatorID>
<ownerDesignName>modelo_final_dead_lock_lock_clin</ownerDesignName>
<engineerTo>
<item key="2D5BF5D2-EF61-D0AA-11B3-3BB16A417795" value="true"/>
</engineerTo>
<useDomainConstraints>false</useDomainConstraints>
<use>1</use>
<logicalDatatype>LOGDT024</logicalDatatype>
<dataTypeSize>300</dataTypeSize>
<ownDataTypeParameters>300,,</ownDataTypeParameters>
</Attribute>
<Attribute name="fl_hab_pessoa" id="531DF542-51A7-3B85-79B7-79E9670AEA6F">
<createdBy>Rodrigo</createdBy>
<createdTime>2015-09-30 22:34:02 UTC</createdTime>
<comment>Flag habilitado para a tabela pessoa</comment>
<generatorID>Gerado pelo usuário</generatorID>
<ownerDesignName>modelo_final_dead_lock_lock_clin</ownerDesignName>
<engineerTo>
<item key="2D5BF5D2-EF61-D0AA-11B3-3BB16A417795" value="true"/>
</engineerTo>
<useDomainConstraints>false</useDomainConstraints>
<use>1</use>
<logicalDatatype>LOGDT006</logicalDatatype>
<dataTypeSize>2</dataTypeSize>
<ownDataTypeParameters>2,,</ownDataTypeParameters>
</Attribute>
<Attribute name="cd_paciente" id="BCC90D31-B0C2-EE06-5783-75F62DAAF509">
<createdBy>Rodrigo</createdBy>
<createdTime>2015-09-30 22:36:23 UTC</createdTime>
<comment>Chave Primária do Paciente</comment>
<generatorID>F3C3D5F3-F65E-A95A-2F1C-E3A004F745E4</generatorID>
<ownerDesignName>modelo_final_dead_lock_lock_clin</ownerDesignName>
<engineerTo>
<item key="2D5BF5D2-EF61-D0AA-11B3-3BB16A417795" value="true"/>
</engineerTo>
<nullsAllowed>true</nullsAllowed>
<referedAttribute>CCCDC267-6C14-D208-C69A-A6D53E16A75F</referedAttribute>
<useDomainConstraints>false</useDomainConstraints>
<use>1</use>
<logicalDatatype>LOGDT011</logicalDatatype>
<ownDataTypeParameters>,,</ownDataTypeParameters>
</Attribute>
<Attribute name="cd_ua" id="21EE0AA4-0DAD-EA2A-52A3-B9D6A4D984F0">
<createdBy>Rodrigo</createdBy>
<createdTime>2015-10-01 00:19:36 UTC</createdTime>
<comment>Chave Primária da Unidade de Atendimento</comment>
<generatorID>C40FDBB8-BCAD-C1B5-6E1B-CD100969C989</generatorID>
<ownerDesignName>modelo_final_dead_lock_lock_clin</ownerDesignName>
<engineerTo>
<item key="2D5BF5D2-EF61-D0AA-11B3-3BB16A417795" value="true"/>
</engineerTo>
<referedAttribute>02DC3712-9F87-833D-E3B6-83ECEFD1A4FC</referedAttribute>
<useDomainConstraints>false</useDomainConstraints>
<use>1</use>
<logicalDatatype>LOGDT011</logicalDatatype>
<ownDataTypeParameters>,,</ownDataTypeParameters>
</Attribute>
</attributes>
<identifiers itemClass="oracle.dbtools.crest.model.design.logical.CandidateKey">
<identifier id="31C7E0D2-7172-9CFA-5CE3-1267DB340D35" name="PESSOA PK">
<createdBy>Rodrigo</createdBy>
<createdTime>2015-09-30 22:28:15 UTC</createdTime>
<generatorID>Gerado pelo usuário</generatorID>
<ownerDesignName>modelo_final_dead_lock_lock_clin</ownerDesignName>
<shouldEngineer>false</shouldEngineer>
<engineerTo>
<item key="2D5BF5D2-EF61-D0AA-11B3-3BB16A417795" value="false"/>
</engineerTo>
<pk>true</pk>
<usedAttributes>
<attributeRef>4A80B7DA-1BAC-EA91-B81A-C097F6540E01</attributeRef>
</usedAttributes>
</identifier>
</identifiers>
</Entity>