<?xml version = '1.0' encoding = 'UTF-8'?>
<Entity class="oracle.dbtools.crest.model.design.logical.Entity" directorySegmentName="seg_0" id="FA2550DD-EFAC-CA73-FB0B-76DC7EAC4CF3" name="ITEM_CON_PRE">
<createdBy>Rodrigo</createdBy>
<createdTime>2015-10-01 00:15:05 UTC</createdTime>
<comment>Tabela de controle para os itens do convenio</comment>
<generatorID>Gerado pelo usuário</generatorID>
<ownerDesignName>modelo_final_dead_lock_lock_clin</ownerDesignName>
<engineerTo>
<item key="2D5BF5D2-EF61-D0AA-11B3-3BB16A417795" value="true"/>
</engineerTo>
<adequatelyNormalized>NO</adequatelyNormalized>
<expectedVolumes>0</expectedVolumes>
<fwdEngineeringStrategyName>Single Table</fwdEngineeringStrategyName>
<growthPercent>0</growthPercent>
<growthType>Year</growthType>
<maxVolumes>9999999</maxVolumes>
<minVolumes>0</minVolumes>
<normalForm>Third</normalForm>
<shortName>IT_CN_PR</shortName>
<attributes itemClass="oracle.dbtools.crest.model.design.logical.Attribute">
<Attribute name="cd_item_con_pre" id="48DE33C2-B839-6E03-24C3-C51805F6D7C7">
<createdBy>Rodrigo</createdBy>
<createdTime>2015-10-01 00:15:49 UTC</createdTime>
<comment>Codigo do item do convenino preco chave primaria</comment>
<generatorID>Gerado pelo usuário</generatorID>
<ownerDesignName>modelo_final_dead_lock_lock_clin</ownerDesignName>
<engineerTo>
<item key="2D5BF5D2-EF61-D0AA-11B3-3BB16A417795" value="true"/>
</engineerTo>
<useDomainConstraints>false</useDomainConstraints>
<use>1</use>
<logicalDatatype>LOGDT011</logicalDatatype>
<ownDataTypeParameters>,,</ownDataTypeParameters>
</Attribute>
<Attribute name="vl_item_con_pre" id="38D93ED4-7638-4722-00FF-6ACE9D09CF5F">
<createdBy>Rodrigo</createdBy>
<createdTime>2015-10-01 00:16:18 UTC</createdTime>
<comment>Valor do item convenio preco</comment>
<generatorID>Gerado pelo usuário</generatorID>
<ownerDesignName>modelo_final_dead_lock_lock_clin</ownerDesignName>
<engineerTo>
<item key="2D5BF5D2-EF61-D0AA-11B3-3BB16A417795" value="true"/>
</engineerTo>
<useDomainConstraints>false</useDomainConstraints>
<use>1</use>
<logicalDatatype>LOGDT022</logicalDatatype>
<ownDataTypeParameters>,,</ownDataTypeParameters>
</Attribute>
<Attribute name="fl_hab_item_con_pre" id="83A70236-F3D6-C124-865F-58989240C08B">
<createdBy>Rodrigo</createdBy>
<createdTime>2015-10-01 00:16:48 UTC</createdTime>
<comment>Flag habilitar item convenio preco</comment>
<generatorID>Gerado pelo usuário</generatorID>
<ownerDesignName>modelo_final_dead_lock_lock_clin</ownerDesignName>
<engineerTo>
<item key="2D5BF5D2-EF61-D0AA-11B3-3BB16A417795" value="true"/>
</engineerTo>
<useDomainConstraints>false</useDomainConstraints>
<use>1</use>
<logicalDatatype>LOGDT006</logicalDatatype>
<dataTypeSize>2</dataTypeSize>
<ownDataTypeParameters>2,,</ownDataTypeParameters>
</Attribute>
<Attribute name="cd_con_pre" id="4254FAD5-D3F4-FD80-9C6B-3C74B7806FCB">
<createdBy>Rodrigo</createdBy>
<createdTime>2015-10-01 00:18:05 UTC</createdTime>
<comment>codigo do convenio preco chave primaria</comment>
<generatorID>4002EB6B-CC1B-74F6-0E6C-BC57F73C4205</generatorID>
<ownerDesignName>modelo_final_dead_lock_lock_clin</ownerDesignName>
<engineerTo>
<item key="2D5BF5D2-EF61-D0AA-11B3-3BB16A417795" value="true"/>
</engineerTo>
<referedAttribute>A651CF0B-7BD7-57DF-FA42-F3BAF9F47D06</referedAttribute>
<useDomainConstraints>false</useDomainConstraints>
<use>1</use>
<logicalDatatype>LOGDT011</logicalDatatype>
<ownDataTypeParameters>,,</ownDataTypeParameters>
</Attribute>
<Attribute name="cd_procedimento" id="449E8863-6D8A-0AF4-21B4-A03D1A762844">
<createdBy>Rodrigo</createdBy>
<createdTime>2015-10-01 00:18:42 UTC</createdTime>
<comment>codigo do procedimento chave primaria</comment>
<generatorID>779F8795-F884-8BEC-787D-7C646F06DB7E</generatorID>
<ownerDesignName>modelo_final_dead_lock_lock_clin</ownerDesignName>
<engineerTo>
<item key="2D5BF5D2-EF61-D0AA-11B3-3BB16A417795" value="true"/>
</engineerTo>
<nullsAllowed>true</nullsAllowed>
<referedAttribute>C5EF21F4-5D49-DBB8-CE1D-0EF9B7100795</referedAttribute>
<useDomainConstraints>false</useDomainConstraints>
<use>1</use>
<logicalDatatype>LOGDT011</logicalDatatype>
<ownDataTypeParameters>,,</ownDataTypeParameters>
</Attribute>
</attributes>
<identifiers itemClass="oracle.dbtools.crest.model.design.logical.CandidateKey">
<identifier id="5EC82428-E9B1-4485-B3C0-F70B08971F46" name="ITEM_CONV_PRECO PK">
<createdBy>Rodrigo</createdBy>
<createdTime>2015-10-01 00:15:59 UTC</createdTime>
<generatorID>Gerado pelo usuário</generatorID>
<ownerDesignName>modelo_final_dead_lock_lock_clin</ownerDesignName>
<shouldEngineer>false</shouldEngineer>
<engineerTo>
<item key="2D5BF5D2-EF61-D0AA-11B3-3BB16A417795" value="false"/>
</engineerTo>
<pk>true</pk>
<usedAttributes>
<attributeRef>48DE33C2-B839-6E03-24C3-C51805F6D7C7</attributeRef>
</usedAttributes>
</identifier>
</identifiers>
</Entity>