<?xml version = '1.0' encoding = 'UTF-8'?>
<Diagram class="oracle.dbtools.crest.swingui.logical.DPVLogical" name="Logical" id="C321F6EB-27D1-7180-46A2-BB65746E4A5D">
<createdBy>Rodrigo</createdBy>
<modifiedBy>Rodrigo</modifiedBy>
<createdTime>2015-09-30 21:14:47 UTC</createdTime>
<autoRoute>false</autoRoute>
<boxInbox>true</boxInbox>
<showLegend>false</showLegend>
<showLabels>false</showLabels>
<showRelAttributes>false</showRelAttributes>
<gridEnabled>false</gridEnabled>
<showGrid>false</showGrid>
<diagramColor>-1</diagramColor>
<display>false</display>
<notation>1</notation>
<objectViews>
<OView class="oracle.dbtools.crest.swingui.logical.TVEntity" oid="0D6821F4-7D01-3A3D-A741-8D156EF498FD" otype="Entity" vid="38F99DA0-ED0D-062D-8061-44754D770848">
<hideElementsInCurrentOnly>false</hideElementsInCurrentOnly>
<bounds x="448" y="397" width="170" height="136"/>
</OView>
<OView class="oracle.dbtools.crest.swingui.logical.TVEntity" oid="18B6A90D-94FE-0E84-B354-522C46E91B31" otype="Entity" vid="11B629F8-FA72-60E4-FE69-54D6A566FFB3">
<hideElementsInCurrentOnly>false</hideElementsInCurrentOnly>
<bounds x="199" y="175" width="113" height="57"/>
</OView>
<OView class="oracle.dbtools.crest.swingui.logical.TVEntity" oid="1D479C49-72B7-29CD-AFCA-8DFFFFE09106" otype="Entity" vid="13839B58-9021-E1E9-854B-F4A182B32188">
<hideElementsInCurrentOnly>false</hideElementsInCurrentOnly>
<bounds x="44" y="606" width="132" height="58"/>
</OView>
<OView class="oracle.dbtools.crest.swingui.logical.TVEntity" oid="1E3FA8C0-3235-288B-638D-31400B7F35B2" otype="Entity" vid="5C43B616-1130-48E3-81E6-1015B72A5CDF">
<hideElementsInCurrentOnly>false</hideElementsInCurrentOnly>
<bounds x="45" y="447" width="139" height="110"/>
</OView>
<OView class="oracle.dbtools.crest.swingui.logical.TVEntity" oid="3303F14C-06FD-AFEC-3FBE-6DD383CF0CE3" otype="Entity" vid="B75CE1CC-9A5F-ACC3-9730-DA37D76E8A8F">
<hideElementsInCurrentOnly>false</hideElementsInCurrentOnly>
<bounds x="599" y="37" width="170" height="153"/>
</OView>
<OView class="oracle.dbtools.crest.swingui.logical.TVEntity" oid="44E67A0F-E61B-3B6E-A393-3E7FE31A2CBA" otype="Entity" vid="ED3F9CAF-C329-140A-E219-83C5753386A4">
<hideElementsInCurrentOnly>false</hideElementsInCurrentOnly>
<bounds x="699" y="342" width="170" height="74"/>
</OView>
<OView class="oracle.dbtools.crest.swingui.logical.TVEntity" oid="570708F2-8D21-730C-3D90-24E4B165E9F4" otype="Entity" vid="B7DEFD16-F64B-CD51-5059-4A90DD1FD3E1">
<hideElementsInCurrentOnly>false</hideElementsInCurrentOnly>
<bounds x="273" y="391" width="121" height="78"/>
</OView>
<OView class="oracle.dbtools.crest.swingui.logical.TVEntity" oid="7286889F-B930-5B88-079C-37C2FF56D6AC" otype="Entity" vid="CC9E9A6B-0A38-42E7-65A8-17184FF9A181">
<hideElementsInCurrentOnly>false</hideElementsInCurrentOnly>
<bounds x="894" y="187" width="170" height="84"/>
</OView>
<OView class="oracle.dbtools.crest.swingui.logical.TVEntity" oid="757B4049-75ED-6810-75E7-071DC96DEC1A" otype="Entity" vid="6FA2942E-8DC3-395E-96A6-65DE5D5F575E">
<hideElementsInCurrentOnly>false</hideElementsInCurrentOnly>
<bounds x="35" y="67" width="170" height="82"/>
</OView>
<OView class="oracle.dbtools.crest.swingui.logical.TVEntity" oid="7EFF480F-0D79-5C13-829A-BC2409A379F4" otype="Entity" vid="1D35BA62-81C4-12A6-F986-5D4DA0485165">
<hideElementsInCurrentOnly>false</hideElementsInCurrentOnly>
<bounds x="250" y="579" width="120" height="55"/>
</OView>
<OView class="oracle.dbtools.crest.swingui.logical.TVEntity" oid="7FCBAB41-9DB2-D002-0F3E-314CF1764FEA" otype="Entity" vid="D9007609-73F0-53CE-2BCB-73310315497B">
<hideElementsInCurrentOnly>false</hideElementsInCurrentOnly>
<bounds x="325" y="34" width="170" height="155"/>
</OView>
<OView class="oracle.dbtools.crest.swingui.logical.TVEntity" oid="849413F9-F8FD-08A9-66ED-0D064CEEBD18" otype="Entity" vid="CA52C937-BA2A-0B33-0B71-CC5C234B24A7">
<hideElementsInCurrentOnly>false</hideElementsInCurrentOnly>
<bounds x="700" y="438" width="170" height="73"/>
</OView>
<OView class="oracle.dbtools.crest.swingui.logical.TVEntity" oid="8A509394-E8D7-B23C-7A16-51FC58AD6119" otype="Entity" vid="799D4144-38F4-9B89-6886-A39E1298FEA7">
<hideElementsInCurrentOnly>false</hideElementsInCurrentOnly>
<bounds x="218" y="715" width="123" height="70"/>
</OView>
<OView class="oracle.dbtools.crest.swingui.logical.TVEntity" oid="8ABD6F52-777D-4BA6-0E7C-2FF7BA72D3D5" otype="Entity" vid="AB326585-ED9B-FABA-83E6-F00B520C3F97">
<hideElementsInCurrentOnly>false</hideElementsInCurrentOnly>
<bounds x="891" y="72" width="170" height="80"/>
</OView>
<OView class="oracle.dbtools.crest.swingui.logical.TVEntity" oid="9E52D45C-6FFB-02C2-6320-3A9B16D83CB9" otype="Entity" vid="2CA06BF4-3F6E-461A-F592-78F1C335FBB3">
<hideElementsInCurrentOnly>false</hideElementsInCurrentOnly>
<bounds x="470" y="245" width="110" height="77"/>
</OView>
<OView class="oracle.dbtools.crest.swingui.logical.TVEntity" oid="A68F7510-E75A-E04E-175F-980A50738FD5" otype="Entity" vid="69237AD9-47F4-D306-10EF-180CA4E3C4DA">
<hideElementsInCurrentOnly>false</hideElementsInCurrentOnly>
<bounds x="703" y="222" width="128" height="70"/>
</OView>
<OView class="oracle.dbtools.crest.swingui.logical.TVEntity" oid="B61FA335-86D9-2469-FF8E-E636907A19C8" otype="Entity" vid="E5614C76-5359-CA4F-08A6-08E7071DA878">
<hideElementsInCurrentOnly>false</hideElementsInCurrentOnly>
<bounds x="39" y="715" width="122" height="69"/>
</OView>
<OView class="oracle.dbtools.crest.swingui.logical.TVEntity" oid="BAC71F1C-829F-52D3-A1C0-09E60C8BDBC6" otype="Entity" vid="1337A44B-4CF6-A00F-F89C-199C3CE13ACE">
<hideElementsInCurrentOnly>false</hideElementsInCurrentOnly>
<bounds x="360" y="306" width="101" height="68"/>
</OView>
<OView class="oracle.dbtools.crest.swingui.logical.TVEntity" oid="C7C3BEB5-99A3-2B63-45F3-27FD05C17936" otype="Entity" vid="3964C1AC-3DF5-0076-F7F7-55F92A379F23">
<hideElementsInCurrentOnly>false</hideElementsInCurrentOnly>
<bounds x="405" y="656" width="170" height="83"/>
</OView>
<OView class="oracle.dbtools.crest.swingui.logical.TVEntity" oid="EC184D5E-9A6D-BA5B-2257-E5C518A350E5" otype="Entity" vid="75C7D4A6-50F3-41E7-77D4-325E999A59C2">
<hideElementsInCurrentOnly>false</hideElementsInCurrentOnly>
<bounds x="692" y="614" width="170" height="110"/>
</OView>
<OView class="oracle.dbtools.crest.swingui.logical.TVEntity" oid="F73B21E4-E66D-65B9-BD22-2DECCE2669C8" otype="Entity" vid="37A5BB74-D481-D8C3-CFF2-1928DD2C4B13">
<hideElementsInCurrentOnly>false</hideElementsInCurrentOnly>
<bounds x="50" y="244" width="170" height="170"/>
</OView>
<OView class="oracle.dbtools.crest.swingui.logical.TVEntity" oid="FA2550DD-EFAC-CA73-FB0B-76DC7EAC4CF3" otype="Entity" vid="BA1ABB43-68E9-2D63-5060-3D5546A98ACB">
<hideElementsInCurrentOnly>false</hideElementsInCurrentOnly>
<bounds x="961" y="326" width="170" height="110"/>
</OView>
</objectViews>
<connectors>
<Connector class="oracle.dbtools.crest.swingui.logical.TVRelation" oid="0179090D-F24F-1259-5DD3-EF75E4448D90" otype="Relation" vid_source="2CA06BF4-3F6E-461A-F592-78F1C335FBB3" vid_target="38F99DA0-ED0D-062D-8061-44754D770848">
<hideElementsInCurrentOnly>false</hideElementsInCurrentOnly>
<lineWidth>1</lineWidth>
<points>
<point x="525" y="322"/>
<point x="525" y="397"/>
</points>
</Connector>
<Connector class="oracle.dbtools.crest.swingui.logical.TVRelation" oid="0DF37324-5EE4-720C-3081-439ABFFC4B69" otype="Relation" vid_source="AB326585-ED9B-FABA-83E6-F00B520C3F97" vid_target="CC9E9A6B-0A38-42E7-65A8-17184FF9A181">
<hideElementsInCurrentOnly>false</hideElementsInCurrentOnly>
<lineWidth>1</lineWidth>
<points>
<point x="977" y="152"/>
<point x="977" y="187"/>
</points>
</Connector>
<Connector class="oracle.dbtools.crest.swingui.logical.TVRelation" oid="306D28C3-30BC-6F86-78F4-F4295B5CA8E4" otype="Relation" vid_source="37A5BB74-D481-D8C3-CFF2-1928DD2C4B13" vid_target="2CA06BF4-3F6E-461A-F592-78F1C335FBB3">
<hideElementsInCurrentOnly>false</hideElementsInCurrentOnly>
<lineWidth>1</lineWidth>
<points>
<point x="220" y="283"/>
<point x="470" y="283"/>
</points>
</Connector>
<Connector class="oracle.dbtools.crest.swingui.logical.TVRelation" oid="36B9315C-F7D2-5326-ECD5-B3D958AD2280" otype="Relation" vid_source="1D35BA62-81C4-12A6-F986-5D4DA0485165" vid_target="38F99DA0-ED0D-062D-8061-44754D770848">
<hideElementsInCurrentOnly>false</hideElementsInCurrentOnly>
<lineWidth>1</lineWidth>
<points>
<point x="299" y="579"/>
<point x="299" y="506"/>
<point x="448" y="506"/>
</points>
</Connector>
<Connector class="oracle.dbtools.crest.swingui.logical.TVRelation" oid="4002EB6B-CC1B-74F6-0E6C-BC57F73C4205" otype="Relation" vid_source="CC9E9A6B-0A38-42E7-65A8-17184FF9A181" vid_target="BA1ABB43-68E9-2D63-5060-3D5546A98ACB">
<hideElementsInCurrentOnly>false</hideElementsInCurrentOnly>
<lineWidth>1</lineWidth>
<points>
<point x="1012" y="271"/>
<point x="1012" y="326"/>
</points>
</Connector>
<Connector class="oracle.dbtools.crest.swingui.logical.TVRelation" oid="40158141-32C5-F997-95B4-B90694AEE2CE" otype="Relation" vid_source="ED3F9CAF-C329-140A-E219-83C5753386A4" vid_target="CA52C937-BA2A-0B33-0B71-CC5C234B24A7">
<hideElementsInCurrentOnly>false</hideElementsInCurrentOnly>
<lineWidth>1</lineWidth>
<points>
<point x="784" y="416"/>
<point x="784" y="438"/>
</points>
</Connector>
<Connector class="oracle.dbtools.crest.swingui.logical.TVRelation" oid="4165BF61-FDAD-571D-958A-0845EF629F60" otype="Relation" vid_source="38F99DA0-ED0D-062D-8061-44754D770848" vid_target="CA52C937-BA2A-0B33-0B71-CC5C234B24A7">
<hideElementsInCurrentOnly>false</hideElementsInCurrentOnly>
<lineWidth>1</lineWidth>
<points>
<point x="618" y="474"/>
<point x="700" y="474"/>
</points>
</Connector>
<Connector class="oracle.dbtools.crest.swingui.logical.TVRelation" oid="5864651E-5035-92D3-E6BE-AF8B47248815" otype="Relation" vid_source="E5614C76-5359-CA4F-08A6-08E7071DA878" vid_target="13839B58-9021-E1E9-854B-F4A182B32188">
<hideElementsInCurrentOnly>false</hideElementsInCurrentOnly>
<lineWidth>1</lineWidth>
<points>
<point x="102" y="715"/>
<point x="102" y="664"/>
</points>
</Connector>
<Connector class="oracle.dbtools.crest.swingui.logical.TVRelation" oid="68234D52-C1ED-C086-5DB4-C904198415D6" otype="Relation" vid_source="38F99DA0-ED0D-062D-8061-44754D770848" vid_target="3964C1AC-3DF5-0076-F7F7-55F92A379F23">
<hideElementsInCurrentOnly>false</hideElementsInCurrentOnly>
<lineWidth>1</lineWidth>
<points>
<point x="511" y="533"/>
<point x="511" y="656"/>
</points>
</Connector>
<Connector class="oracle.dbtools.crest.swingui.logical.TVRelation" oid="7588783C-CEE3-FA8A-44CA-8138B4F68C3B" otype="Relation" vid_source="2CA06BF4-3F6E-461A-F592-78F1C335FBB3" vid_target="69237AD9-47F4-D306-10EF-180CA4E3C4DA">
<hideElementsInCurrentOnly>false</hideElementsInCurrentOnly>
<lineWidth>1</lineWidth>
<points>
<point x="580" y="268"/>
<point x="703" y="268"/>
</points>
</Connector>
<Connector class="oracle.dbtools.crest.swingui.logical.TVRelation" oid="779F8795-F884-8BEC-787D-7C646F06DB7E" otype="Relation" vid_source="ED3F9CAF-C329-140A-E219-83C5753386A4" vid_target="BA1ABB43-68E9-2D63-5060-3D5546A98ACB">
<hideElementsInCurrentOnly>false</hideElementsInCurrentOnly>
<lineWidth>1</lineWidth>
<points>
<point x="869" y="379"/>
<point x="961" y="379"/>
</points>
</Connector>
<Connector class="oracle.dbtools.crest.swingui.logical.TVRelation" oid="7911B719-0CA2-40B0-A282-0D5322934424" otype="Relation" vid_source="37A5BB74-D481-D8C3-CFF2-1928DD2C4B13" vid_target="5C43B616-1130-48E3-81E6-1015B72A5CDF">
<hideElementsInCurrentOnly>false</hideElementsInCurrentOnly>
<lineWidth>1</lineWidth>
<points>
<point x="117" y="414"/>
<point x="117" y="447"/>
</points>
</Connector>
<Connector class="oracle.dbtools.crest.swingui.logical.TVRelation" oid="8538143F-8128-232F-48A7-7436E5747358" otype="Relation" vid_source="CA52C937-BA2A-0B33-0B71-CC5C234B24A7" vid_target="3964C1AC-3DF5-0076-F7F7-55F92A379F23">
<hideElementsInCurrentOnly>false</hideElementsInCurrentOnly>
<lineWidth>1</lineWidth>
<points>
<point x="785" y="511"/>
<point x="785" y="543"/>
<point x="527" y="543"/>
<point x="527" y="656"/>
</points>
</Connector>
<Connector class="oracle.dbtools.crest.swingui.logical.TVRelation" oid="982802C4-11BF-DCD0-9573-FDB7A44C646C" otype="Relation" vid_source="69237AD9-47F4-D306-10EF-180CA4E3C4DA" vid_target="ED3F9CAF-C329-140A-E219-83C5753386A4">
<hideElementsInCurrentOnly>false</hideElementsInCurrentOnly>
<lineWidth>1</lineWidth>
<points>
<point x="767" y="292"/>
<point x="767" y="342"/>
</points>
</Connector>
<Connector class="oracle.dbtools.crest.swingui.logical.TVRelation" oid="9AB58F11-E20A-766C-39FD-66A7D5457335" otype="Relation" vid_source="37A5BB74-D481-D8C3-CFF2-1928DD2C4B13" vid_target="11B629F8-FA72-60E4-FE69-54D6A566FFB3">
<hideElementsInCurrentOnly>false</hideElementsInCurrentOnly>
<lineWidth>1</lineWidth>
<points>
<point x="158" y="244"/>
<point x="158" y="200"/>
<point x="199" y="200"/>
</points>
</Connector>
<Connector class="oracle.dbtools.crest.swingui.logical.TVRelation" oid="9F83050B-3D7E-BABC-A413-F82507F7865F" otype="Relation" vid_source="B75CE1CC-9A5F-ACC3-9730-DA37D76E8A8F" vid_target="AB326585-ED9B-FABA-83E6-F00B520C3F97">
<hideElementsInCurrentOnly>false</hideElementsInCurrentOnly>
<lineWidth>1</lineWidth>
<points>
<point x="769" y="112"/>
<point x="891" y="112"/>
</points>
</Connector>
<Connector class="oracle.dbtools.crest.swingui.logical.TVRelation" oid="A8EB8CE9-FE97-C736-CF05-3EAD00040C85" otype="Relation" vid_source="D9007609-73F0-53CE-2BCB-73310315497B" vid_target="B75CE1CC-9A5F-ACC3-9730-DA37D76E8A8F">
<hideElementsInCurrentOnly>false</hideElementsInCurrentOnly>
<lineWidth>1</lineWidth>
<points>
<point x="495" y="114"/>
<point x="599" y="114"/>
</points>
</Connector>
<Connector class="oracle.dbtools.crest.swingui.logical.TVRelation" oid="C40FDBB8-BCAD-C1B5-6E1B-CD100969C989" otype="Relation" vid_source="D9007609-73F0-53CE-2BCB-73310315497B" vid_target="37A5BB74-D481-D8C3-CFF2-1928DD2C4B13">
<hideElementsInCurrentOnly>false</hideElementsInCurrentOnly>
<lineWidth>1</lineWidth>
<points>
<point x="325" y="167"/>
<point x="129" y="167"/>
<point x="129" y="244"/>
</points>
</Connector>
<Connector class="oracle.dbtools.crest.swingui.logical.TVRelation" oid="CFE5F8D2-9634-8FC6-019A-34E4064BB056" otype="Relation" vid_source="6FA2942E-8DC3-395E-96A6-65DE5D5F575E" vid_target="D9007609-73F0-53CE-2BCB-73310315497B">
<hideElementsInCurrentOnly>false</hideElementsInCurrentOnly>
<lineWidth>1</lineWidth>
<points>
<point x="205" y="106"/>
<point x="325" y="106"/>
</points>
</Connector>
<Connector class="oracle.dbtools.crest.swingui.logical.TVRelation" oid="DC708B5F-95C0-139B-1DFC-1EF4CBF5CFB7" otype="Relation" vid_source="799D4144-38F4-9B89-6886-A39E1298FEA7" vid_target="E5614C76-5359-CA4F-08A6-08E7071DA878">
<hideElementsInCurrentOnly>false</hideElementsInCurrentOnly>
<lineWidth>1</lineWidth>
<points>
<point x="218" y="749"/>
<point x="161" y="749"/>
</points>
</Connector>
<Connector class="oracle.dbtools.crest.swingui.logical.TVRelation" oid="DCDFC4D6-1BEF-0E60-26D5-59BF7D61AC55" otype="Relation" vid_source="75C7D4A6-50F3-41E7-77D4-325E999A59C2" vid_target="3964C1AC-3DF5-0076-F7F7-55F92A379F23">
<hideElementsInCurrentOnly>false</hideElementsInCurrentOnly>
<lineWidth>1</lineWidth>
<points>
<point x="692" y="690"/>
<point x="575" y="690"/>
</points>
</Connector>
<Connector class="oracle.dbtools.crest.swingui.logical.TVRelation" oid="DD59AFC1-AC2C-1645-CF82-66465C92E3AF" otype="Relation" vid_source="37A5BB74-D481-D8C3-CFF2-1928DD2C4B13" vid_target="1337A44B-4CF6-A00F-F89C-199C3CE13ACE">
<hideElementsInCurrentOnly>false</hideElementsInCurrentOnly>
<lineWidth>1</lineWidth>
<points>
<point x="220" y="340"/>
<point x="360" y="340"/>
</points>
</Connector>
<Connector class="oracle.dbtools.crest.swingui.logical.TVRelation" oid="F3C3D5F3-F65E-A95A-2F1C-E3A004F745E4" otype="Relation" vid_source="37A5BB74-D481-D8C3-CFF2-1928DD2C4B13" vid_target="38F99DA0-ED0D-062D-8061-44754D770848">
<hideElementsInCurrentOnly>false</hideElementsInCurrentOnly>
<lineWidth>1</lineWidth>
<points>
<point x="202" y="414"/>
<point x="202" y="481"/>
<point x="448" y="481"/>
</points>
</Connector>
<Connector class="oracle.dbtools.crest.swingui.logical.TVRelation" oid="F8AB8444-A2AE-A30D-6CBD-810231FEAECF" otype="Relation" vid_source="37A5BB74-D481-D8C3-CFF2-1928DD2C4B13" vid_target="B75CE1CC-9A5F-ACC3-9730-DA37D76E8A8F">
<hideElementsInCurrentOnly>false</hideElementsInCurrentOnly>
<lineWidth>1</lineWidth>
<points>
<point x="220" y="372"/>
<point x="327" y="372"/>
<point x="326" y="218"/>
<point x="646" y="219"/>
<point x="646" y="190"/>
</points>
</Connector>
<Connector class="oracle.dbtools.crest.swingui.logical.TVRelation" oid="F902E4C1-DD09-C3D4-C8AB-6D23D07F567C" otype="Relation" vid_source="13839B58-9021-E1E9-854B-F4A182B32188" vid_target="5C43B616-1130-48E3-81E6-1015B72A5CDF">
<hideElementsInCurrentOnly>false</hideElementsInCurrentOnly>
<lineWidth>1</lineWidth>
<points>
<point x="110" y="606"/>
<point x="110" y="557"/>
</points>
</Connector>
<Connector class="oracle.dbtools.crest.swingui.logical.TVRelation" oid="FD629134-4233-CF8B-E5FA-414D100BCF39" otype="Relation" vid_source="37A5BB74-D481-D8C3-CFF2-1928DD2C4B13" vid_target="B7DEFD16-F64B-CD51-5059-4A90DD1FD3E1">
<hideElementsInCurrentOnly>false</hideElementsInCurrentOnly>
<lineWidth>1</lineWidth>
<points>
<point x="167" y="414"/>
<point x="167" y="436"/>
<point x="273" y="436"/>
</points>
</Connector>
</connectors>
</Diagram>