<?xml version = '1.0' encoding = 'UTF-8'?>
<oracle.dbtools.crest.model.design.logical.LogicalDesign>
   <object objectType="Entity" objectID="0D6821F4-7D01-3A3D-A741-8D156EF498FD" name="PACIENTE" seqName="seg_0"/>
   <object objectType="Entity" objectID="18B6A90D-94FE-0E84-B354-522C46E91B31" name="EMAIL" seqName="seg_0"/>
   <object objectType="Entity" objectID="1D479C49-72B7-29CD-AFCA-8DFFFFE09106" name="CIDADE" seqName="seg_0"/>
   <object objectType="Entity" objectID="1E3FA8C0-3235-288B-638D-31400B7F35B2" name="ENDERECO" seqName="seg_0"/>
   <object objectType="Entity" objectID="3303F14C-06FD-AFEC-3FBE-6DD383CF0CE3" name="CONVENIO" seqName="seg_0"/>
   <object objectType="Entity" objectID="44E67A0F-E61B-3B6E-A393-3E7FE31A2CBA" name="PROCEDIMENTO" seqName="seg_0"/>
   <object objectType="Entity" objectID="570708F2-8D21-730C-3D90-24E4B165E9F4" name="TELEFONE" seqName="seg_0"/>
   <object objectType="Entity" objectID="7286889F-B930-5B88-079C-37C2FF56D6AC" name="CON_PRE" seqName="seg_0"/>
   <object objectType="Entity" objectID="757B4049-75ED-6810-75E7-071DC96DEC1A" name="EMPRESA" seqName="seg_0"/>
   <object objectType="Entity" objectID="7EFF480F-0D79-5C13-829A-BC2409A379F4" name="ORIG_PACI" seqName="seg_0"/>
   <object objectType="Entity" objectID="7FCBAB41-9DB2-D002-0F3E-314CF1764FEA" name="UNID_ATEN" seqName="seg_0"/>
   <object objectType="Entity" objectID="849413F9-F8FD-08A9-66ED-0D064CEEBD18" name="ATENDIMENTO" seqName="seg_0"/>
   <object objectType="Entity" objectID="8A509394-E8D7-B23C-7A16-51FC58AD6119" name="PAIS" seqName="seg_0"/>
   <object objectType="Entity" objectID="8ABD6F52-777D-4BA6-0E7C-2FF7BA72D3D5" name="PLAN_CON" seqName="seg_0"/>
   <object objectType="Entity" objectID="9E52D45C-6FFB-02C2-6320-3A9B16D83CB9" name="MEDICO" seqName="seg_0"/>
   <object objectType="Entity" objectID="A68F7510-E75A-E04E-175F-980A50738FD5" name="PRESTADOR" seqName="seg_0"/>
   <object objectType="Entity" objectID="B61FA335-86D9-2469-FF8E-E636907A19C8" name="ESTADO" seqName="seg_0"/>
   <object objectType="Entity" objectID="BAC71F1C-829F-52D3-A1C0-09E60C8BDBC6" name="USUARIO" seqName="seg_0"/>
   <object objectType="Entity" objectID="C7C3BEB5-99A3-2B63-45F3-27FD05C17936" name="AGENDAMENTO" seqName="seg_0"/>
   <object objectType="Entity" objectID="EC184D5E-9A6D-BA5B-2257-E5C518A350E5" name="AGENDA" seqName="seg_0"/>
   <object objectType="Entity" objectID="F73B21E4-E66D-65B9-BD22-2DECCE2669C8" name="PESSOA" seqName="seg_0"/>
   <object objectType="Entity" objectID="FA2550DD-EFAC-CA73-FB0B-76DC7EAC4CF3" name="ITEM_CON_PRE" seqName="seg_0"/>
   <object objectType="Relation" objectID="00B9CD28-06E6-81B8-2D05-91C5C437E20A" name="" seqName="seg_0"/>
   <object objectType="Relation" objectID="0179090D-F24F-1259-5DD3-EF75E4448D90" name="pac_med" seqName="seg_0"/>
   <object objectType="Relation" objectID="0DF37324-5EE4-720C-3081-439ABFFC4B69" name="plan_con_pre" seqName="seg_0"/>
   <object objectType="Relation" objectID="306D28C3-30BC-6F86-78F4-F4295B5CA8E4" name="pess_medi" seqName="seg_0"/>
   <object objectType="Relation" objectID="36B9315C-F7D2-5326-ECD5-B3D958AD2280" name="ori_pac" seqName="seg_0"/>
   <object objectType="Relation" objectID="4002EB6B-CC1B-74F6-0E6C-BC57F73C4205" name="conv_pre_ite" seqName="seg_0"/>
   <object objectType="Relation" objectID="40158141-32C5-F997-95B4-B90694AEE2CE" name="proc_aten" seqName="seg_0"/>
   <object objectType="Relation" objectID="4165BF61-FDAD-571D-958A-0845EF629F60" name="pac_aten" seqName="seg_0"/>
   <object objectType="Relation" objectID="5864651E-5035-92D3-E6BE-AF8B47248815" name="fk_cidade_estado" seqName="seg_0"/>
   <object objectType="Relation" objectID="5BC89FAE-AD41-BE74-262D-0D38D97F80BB" name="" seqName="seg_0"/>
   <object objectType="Relation" objectID="68234D52-C1ED-C086-5DB4-C904198415D6" name="pac_agen" seqName="seg_0"/>
   <object objectType="Relation" objectID="7588783C-CEE3-FA8A-44CA-8138B4F68C3B" name="med_pres" seqName="seg_0"/>
   <object objectType="Relation" objectID="779F8795-F884-8BEC-787D-7C646F06DB7E" name="proc_item_conv" seqName="seg_0"/>
   <object objectType="Relation" objectID="7911B719-0CA2-40B0-A282-0D5322934424" name="pess_ende" seqName="seg_0"/>
   <object objectType="Relation" objectID="8538143F-8128-232F-48A7-7436E5747358" name="aten_agend" seqName="seg_0"/>
   <object objectType="Relation" objectID="982802C4-11BF-DCD0-9573-FDB7A44C646C" name="pres_proc" seqName="seg_0"/>
   <object objectType="Relation" objectID="9AB58F11-E20A-766C-39FD-66A7D5457335" name="ema_pess" seqName="seg_0"/>
   <object objectType="Relation" objectID="9F83050B-3D7E-BABC-A413-F82507F7865F" name="conv_plan_conv" seqName="seg_0"/>
   <object objectType="Relation" objectID="A8EB8CE9-FE97-C736-CF05-3EAD00040C85" name="uni_aten_conv" seqName="seg_0"/>
   <object objectType="Relation" objectID="C40FDBB8-BCAD-C1B5-6E1B-CD100969C989" name="uni_pess" seqName="seg_0"/>
   <object objectType="Relation" objectID="CFE5F8D2-9634-8FC6-019A-34E4064BB056" name="empresa_uni_atend" seqName="seg_0"/>
   <object objectType="Relation" objectID="DC708B5F-95C0-139B-1DFC-1EF4CBF5CFB7" name="fk_estado_pais" seqName="seg_0"/>
   <object objectType="Relation" objectID="DCDFC4D6-1BEF-0E60-26D5-59BF7D61AC55" name="agen_agendamen" seqName="seg_0"/>
   <object objectType="Relation" objectID="DD59AFC1-AC2C-1645-CF82-66465C92E3AF" name="usua_pess" seqName="seg_0"/>
   <object objectType="Relation" objectID="F3C3D5F3-F65E-A95A-2F1C-E3A004F745E4" name="pess_paci" seqName="seg_0"/>
   <object objectType="Relation" objectID="F8AB8444-A2AE-A30D-6CBD-810231FEAECF" name="conv_pess" seqName="seg_0"/>
   <object objectType="Relation" objectID="F902E4C1-DD09-C3D4-C8AB-6D23D07F567C" name="end_cid" seqName="seg_0"/>
   <object objectType="Relation" objectID="FD629134-4233-CF8B-E5FA-414D100BCF39" name="tel_pess" seqName="seg_0"/>
</oracle.dbtools.crest.model.design.logical.LogicalDesign>