<?xml version = '1.0' encoding = 'UTF-8'?>
<DomainFile class="oracle.dbtools.crest.model.design.DomainFileWrapper" fileName="dominios">
   <domains>
      <Domain class="oracle.dbtools.crest.model.design.Domain" name="tipo endereco_1" id="0E53FE80-ABEB-FEA0-2F1E-70D05C60FEA8">
         <createdBy>Rodrigo</createdBy>
         <createdTime>2015-10-02 20:46:45 UTC</createdTime>
         <generatorID>Gerado pelo usuÃ¡rio</generatorID>
         <ownerDesignName>System</ownerDesignName>
         <avTSortOrder>0</avTSortOrder>
         <dataTypeSize>50</dataTypeSize>
         <fileName>defaultdomains</fileName>
         <logicalDatatype>LOGDT024</logicalDatatype>
         <listOfValues>
            <valueDef value="Comercial" description="Comercial"/>
            <valueDef value="Residencial" description="Residencial"/>
         </listOfValues>
      </Domain>
      <Domain class="oracle.dbtools.crest.model.design.Domain" name="tipo telefone_1" id="2F1BD9F3-5904-90EA-A579-A697FC40D7B8">
         <createdBy>Rodrigo</createdBy>
         <createdTime>2015-10-02 20:46:45 UTC</createdTime>
         <generatorID>Gerado pelo usuÃ¡rio</generatorID>
         <ownerDesignName>System</ownerDesignName>
         <avTSortOrder>0</avTSortOrder>
         <dataTypeSize>15</dataTypeSize>
         <fileName>defaultdomains</fileName>
         <logicalDatatype>LOGDT024</logicalDatatype>
         <listOfValues>
            <valueDef value="Comercial" description="Comercial"/>
            <valueDef value="Recados" description="Recados"/>
            <valueDef value="Residencial" description="Residencial"/>
         </listOfValues>
      </Domain>
      <Domain class="oracle.dbtools.crest.model.design.Domain" name="estado_civil_1" id="43F632C8-1FEB-7BF2-2BB4-B769C4FE601B">
         <createdBy>Rodrigo</createdBy>
         <createdTime>2015-10-01 00:27:36 UTC</createdTime>
         <generatorID>Gerado pelo usuÃƒÂ¡rio</generatorID>
         <ownerDesignName>System</ownerDesignName>
         <avTSortOrder>0</avTSortOrder>
         <dataTypeSize>30</dataTypeSize>
         <fileName>defaultdomains</fileName>
         <logicalDatatype>LOGDT024</logicalDatatype>
         <listOfValues>
            <valueDef value="Casado(a)" description=""/>
            <valueDef value="Solteiro(a)" description=""/>
            <valueDef value="Viuvo(a)" description=""/>
         </listOfValues>
      </Domain>
      <Domain class="oracle.dbtools.crest.model.design.Domain" name="cor_1" id="46A29D81-D084-016C-84A6-14771F3FF3AE">
         <createdBy>Rodrigo</createdBy>
         <createdTime>2015-10-01 00:27:36 UTC</createdTime>
         <generatorID>Gerado pelo usuÃƒÂ¡rio</generatorID>
         <ownerDesignName>System</ownerDesignName>
         <avTSortOrder>0</avTSortOrder>
         <dataTypeSize>30</dataTypeSize>
         <fileName>defaultdomains</fileName>
         <logicalDatatype>LOGDT024</logicalDatatype>
         <listOfValues>
            <valueDef value="Amarelo" description=""/>
            <valueDef value="Branco" description=""/>
            <valueDef value="Pardo" description=""/>
            <valueDef value="Preto" description=""/>
         </listOfValues>
      </Domain>
      <Domain class="oracle.dbtools.crest.model.design.Domain" name="Logradouro_1" id="A0FABD27-1E40-3CB8-2387-BFE7429E4906">
         <createdBy>Rodrigo</createdBy>
         <createdTime>2015-10-01 00:27:36 UTC</createdTime>
         <generatorID>Gerado pelo usuÃƒÂ¡rio</generatorID>
         <ownerDesignName>System</ownerDesignName>
         <avTSortOrder>0</avTSortOrder>
         <dataTypeSize>60</dataTypeSize>
         <fileName>defaultdomains</fileName>
         <logicalDatatype>LOGDT024</logicalDatatype>
         <listOfValues>
            <valueDef value="Alameda" description=""/>
            <valueDef value="Avenida" description=""/>
            <valueDef value="Rua" description=""/>
            <valueDef value="Travessa" description=""/>
         </listOfValues>
      </Domain>
      <Domain class="oracle.dbtools.crest.model.design.Domain" name="sexo_1" id="A37B4B12-07A6-D2FF-9D12-FD0396439CC2">
         <createdBy>Rodrigo</createdBy>
         <createdTime>2015-10-01 00:27:36 UTC</createdTime>
         <generatorID>Gerado pelo usuÃƒÂ¡rio</generatorID>
         <ownerDesignName>System</ownerDesignName>
         <avTSortOrder>0</avTSortOrder>
         <dataTypeSize>2</dataTypeSize>
         <fileName>defaultdomains</fileName>
         <logicalDatatype>LOGDT025</logicalDatatype>
         <listOfValues>
            <valueDef value="Feminino" description="Feminimo"/>
            <valueDef value="Masculino" description="Masculino"/>
         </listOfValues>
      </Domain>
      <Domain class="oracle.dbtools.crest.model.design.Domain" name="Unknown" id="DOM3000004">
         <createdBy>Rodrigo</createdBy>
         <createdTime>2015-10-01 00:27:34 UTC</createdTime>
         <generatorID>Gerado pelo usuÃ¡rio</generatorID>
         <ownerDesignName>System</ownerDesignName>
         <avTSortOrder>0</avTSortOrder>
         <fileName>defaultdomains</fileName>
         <logicalDatatype>LOGDT017</logicalDatatype>
      </Domain>
   </domains>
</DomainFile>