<?xml version = '1.0' encoding = 'UTF-8'?>
<OSDM_Design class="oracle.dbtools.crest.model.design.Design" name="modelo_final_dead_lock_lock_clin" id="6C71CE0B-54A0-AA56-E5CA-ED4DE473D663" version="3.5">
<createdBy>Rodrigo</createdBy>
<createdTime>2015-09-30 21:14:36 UTC</createdTime>
<generatorID>Gerado pelo usuário</generatorID>
<ownerDesignName>modelo_final_dead_lock_lock_clin</ownerDesignName>
<capitalNames>false</capitalNames>
<designId>6C71CE0B-54A0-AA56-E5CA-ED4DE473D663</designId>
</OSDM_Design>